code,name,entry_date,rank_t,rank_t1,rank_t2,amount_t,amount_t1,amount_t2,prev_close,trigger_low,buy_price,buy_exec,buy_shares,buy_cost,cash_after_buy,exit_date,exit_reason,hold_days,sell_price,sell_exec,sell_proceed,cash_after_sell,gross_pnl,net_pnl,net_pnl_pct
002354,天娱数科,2025-01-17,46,68,19,17.1753025939,26.8925183071,28.1068431542,6.47,5.98,6.017099999999999,6.020108549999999,1600,9637.173679999998,90362.82632000001,2025-01-20,sell_t1_close,2,5.99,5.987005000000001,9564.628792000001,99927.45511200001,-72.54488799999672,-72.54488799999672,-0.007527610314894391
002031,巨轮智能,2025-01-21,9,4,1,40.8368797017,45.766611577,61.117641911899995,7.04,6.4,6.547199999999999,6.550473599999999,1500,9830.710399999998,90096.74471200001,2025-01-22,sell_t1_close,2,6.64,6.63668,9940.064980000001,100036.80969200001,109.3545800000029,109.3545800000029,0.011123771889364467
600255,鑫科材料,2025-01-27,49,4,99,23.07355185,22.99474272,17.80481166,4.1,3.78,3.8129999999999993,3.814906499999999,2600,9923.756899999997,90113.05279200002,2025-02-05,sell_t1_close,2,3.91,3.9080450000000004,10145.756083000002,100258.80887500002,221.99918300000536,221.99918300000536,0.022370477757270076
002131,利欧股份,2025-02-14,18,24,22,56.2318970242,66.4828637226,59.8472540295,4.69,4.23,4.3617,4.363880849999999,2200,9605.537869999998,90653.27100500002,2025-02-17,sell_t1_close,2,4.51,4.507745,9902.121961,100555.39296600001,296.58409100000245,296.58409100000245,0.030876364761029514
000977,浪潮信息,2025-02-18,40,10,24,107.4071585386,142.4696104817,103.1292075235,67.76,62.81,63.0168,63.0483084,100,6309.8308400000005,94245.56212600002,2025-02-19,sell_t1_close,2,64.46,64.42777,6431.334222999999,91553.33934900002,121.5033829999984,121.5033829999984,0.019256202912723154
600986,浙文互联,2025-02-18,6,16,52,55.4539764,33.34031899,40.6043144,9.8,9.01,9.114,9.118557000000001,1000,9123.557,85122.00512600002,2025-02-19,sell_t1_close,2,10.66,10.654670000000001,10639.015330000002,102192.35467900001,1515.4583300000013,1515.4583300000013,0.1661038923744326
002261,拓维信息,2025-02-25,2,3,1,174.2961568543,165.449681582,153.9402557099,41.52,37.37,38.6136,38.63290679999999,200,7731.581359999998,94460.77331900001,2025-02-26,sell_t1_close,2,37.56,37.54122,7495.735756000001,101956.50907500001,-235.84560399999737,-235.84560399999737,-0.030504187050292828
000887,中鼎股份,2025-02-27,138,32,37,46.32198619729999,44.001603136899995,34.4686627833,24.06,21.96,22.375799999999998,22.386987899999998,400,8959.79516,92996.71391500001,2025-02-28,sell_drop7,2,20.48,20.46976,8174.716096,101171.43001100002,-785.0790639999996,-785.0790639999996,-0.08762243443967302
002031,巨轮智能,2025-02-28,16,3,4,42.0296976442,70.4690069817,88.363219273,10.8,9.74,10.044,10.049022,900,9049.1198,92122.31021100002,2025-03-03,sell_t1_close,2,9.9,9.895050000000001,8891.639455000002,82456.99082100003,-157.48034499999812,-157.48034499999812,-0.017402835687952558
600580,卧龙电驱,2025-02-28,75,81,40,41.14149054,53.85688995,77.99363822,23.26,21.21,21.6318,21.642615899999996,400,8662.046359999998,83460.26385100003,2025-03-03,sell_t1_close,2,21.12,21.109440000000003,8430.332224000002,90887.32304500003,-231.71413599999687,-231.71413599999687,-0.026750507486316074
600839,四川长虹,2025-02-28,47,88,65,40.61863449,35.53764319,46.91344312,11.81,10.95,10.9833,10.98879165,900,9894.912484999999,73565.35136600003,2025-03-03,sell_t1_close,2,10.97,10.964515,9853.1954365,100740.51848150002,-41.71704849999878,-41.71704849999878,-0.004216009849833329
002195,岩山科技,2025-03-13,9,2,1,76.5225831507,142.1846457113,128.0823921789,6.77,6.21,6.296099999999999,6.299248049999999,1500,9453.872075,91286.64640650002,2025-03-14,sell_t1_close,2,6.33,6.326835,9475.7622475,81912.35333400001,21.890172500001427,21.890172500001427,0.002315471621187706
600589,大位科技,2025-03-13,61,11,5,27.87808935,39.09496994,34.86934699,8.29,7.56,7.709699999999999,7.713554849999999,1200,9261.265819999999,82025.38058650002,2025-03-14,sell_t1_close,2,7.83,7.826085000000001,9376.910698000002,91289.26403200002,115.64487800000279,115.64487800000279,0.01248694079704137
002031,巨轮智能,2025-03-13,55,73,50,32.320824499400004,28.7497706326,29.878623340100003,10.3,9.52,9.579,9.5837895,1000,9588.7895,72436.59108650002,2025-03-14,sell_t1_close,2,9.9,9.895050000000001,9880.154950000002,101169.41898200002,291.36545000000115,291.36545000000115,0.030386051336302785
000678,襄阳轴承,2025-03-14,14,6,8,19.6205773076,22.1970865744,10.0953214327,13.84,12.46,12.871199999999998,12.877635599999998,700,9019.344919999998,92150.07406200001,2025-03-21,sell_drop7,6,17.01,17.001495000000002,11884.145453500003,104034.21951550002,2864.8005335000053,2864.8005335000053,0.31762844850821004
002261,拓维信息,2025-03-21,16,9,66,64.8261914292,86.7753863968,37.839921131,35.2,31.88,32.736,32.752368,300,9830.7104,94203.50911550003,2025-03-24,sell_t1_close,2,30.41,30.394795000000002,9104.3200615,103307.82917700002,-726.3903384999994,-726.3903384999994,-0.07388991323556834
600797,浙大网新,2025-03-24,19,4,2,42.90479503,59.01851825,53.36146972,14.15,12.74,13.1595,13.166079749999998,700,9221.255824999998,94086.57335200002,2025-03-25,sell_drop7,2,11.47,11.464265000000001,8011.9605145000005,82294.7519215,-1209.2953104999979,-1209.2953104999979,-0.13114214955640255
002195,岩山科技,2025-03-24,28,28,15,40.1211004479,38.9231982118,53.5308814356,6.25,5.81,5.8125,5.81540625,1700,9891.190625,84195.38272700002,2025-03-25,sell_t1_close,2,5.92,5.91704,10043.909032000001,92338.6609535,152.71840700000212,152.71840700000212,0.015439840641025167
002031,巨轮智能,2025-03-24,77,71,83,22.6579438821,22.1397143625,22.478291115700003,9.68,8.92,9.0024,9.0069012,1100,9912.59132,74282.79140700001,2025-03-25,sell_t1_close,2,8.88,8.875560000000002,9748.352884000002,102087.01383750001,-164.23843599999782,-164.23843599999782,-0.016568668141157445
000541,佛山照明,2025-03-26,75,29,9,19.0059869311,22.327601189499998,15.7420369775,8.58,7.96,7.979399999999999,7.983389699999999,1200,9585.06764,92501.94619750002,2025-03-27,sell_drop7,2,7.96,7.9560200000000005,9532.676776,102034.62297350002,-52.390863999999056,-52.390863999999056,-0.005465883598083723
601608,中信重工,2025-03-27,57,3,76,28.99444173,32.34120837,30.31931674,6.08,5.65,5.6544,5.6572271999999995,1700,9622.28624,92412.33673350002,2025-03-28,sell_drop7,2,5.15,5.147425000000001,8736.871877500002,101149.20861100002,-885.4143624999979,-885.4143624999979,-0.09201704672007324
603690,至纯科技,2025-04-03,88,71,20,19.95580361,23.56970171,34.61057722,31.43,28.91,29.229899999999997,29.244514949999996,300,8778.354484999998,92370.85412600002,2025-04-07,sell_t1_close,2,28.17,28.155915000000004,8433.327725500001,100804.18185150002,-345.02675949999684,-345.02675949999684,-0.03930426369652318
600126,杭钢股份,2025-04-07,31,1,21,37.66786424,50.49333446,31.34746786,12.2,10.98,11.345999999999998,11.351672999999998,800,9086.338399999999,91717.84345150003,2025-04-08,sell_t1_close,2,11.3,11.294350000000001,9021.444520000001,90949.51803150003,-64.89387999999781,-64.89387999999781,-0.007141917584755353
603169,兰石重装,2025-04-07,58,4,6,23.52380389,22.85751934,29.75021769,9.56,8.69,8.8908,8.8952454,1100,9789.76994,81928.07351150003,2025-04-08,sell_t1_close,2,9.15,9.145425000000001,10044.907532500001,100994.42556400003,255.13759250000112,255.13759250000112,0.02606165354892917
002570,贝因美,2025-04-17,5,1,17,38.1501709274,32.9279016818,33.9465790258,7.3,6.6,6.789,6.7923944999999994,1400,9514.352299999999,91480.07326400004,2025-04-18,sell_drop7,2,6.56,6.55672,9165.228592000001,100645.30185600003,-349.12370799999735,-349.12370799999735,-0.03669442721812996
002165,红 宝 丽,2025-04-21,5,1,2,42.4181951759,33.111059699,16.5781471144,11.88,11.0,11.048399999999999,11.053924199999999,900,9953.53178,90691.77007600003,2025-04-23,sell_drop7,3,11.93,11.924035,10715.899868499999,101407.66994450003,762.3680884999994,762.3680884999994,0.07659272159374163
600592,龙溪股份,2025-05-09,86,61,19,21.39086448,22.24479061,14.47630385,28.92,26.72,26.895599999999998,26.909047799999996,300,8077.714339999999,93329.95560450002,2025-05-12,sell_t1_close,2,27.88,27.86606,8346.458182,101676.41378650002,268.7438420000017,268.7438420000017,0.033269787799899066
000559,万向钱潮,2025-05-14,27,8,4,33.4777951579,47.42172703479999,32.716722276999995,9.56,8.71,8.8908,8.8952454,1100,9789.76994,91886.64384650002,2025-05-15,sell_t1_close,2,8.51,8.505745000000001,9341.9631805,101228.60702700002,-447.8067594999993,-447.8067594999993,-0.045742316953773
002640,跨境通,2025-05-16,11,9,2,28.9044247226,34.0960117352,26.470640915300002,5.19,4.77,4.8267,4.829113349999999,2000,9663.2267,91565.38032700002,2025-05-19,sell_t1_close,2,5.21,5.207395,10399.37521,101964.75553700002,736.1485100000009,736.1485100000009,0.0761804035912767
000420,吉林化纤,2025-05-20,51,6,22,29.657858963600003,25.6067993525,34.1789240494,5.04,4.59,4.6872,4.6895435999999995,2100,9853.04156,92111.71397700002,2025-05-21,sell_t1_close,2,4.46,4.45777,9346.955683,101458.66966000001,-506.0858769999995,-506.0858769999995,-0.05136341645553757
002229,鸿博股份,2025-05-30,23,8,48,32.8139187215,29.6439564618,30.409140296300002,19.17,17.54,17.8281,17.837014049999997,500,8923.507024999999,92535.16263500002,2025-06-03,sell_t1_close,2,16.54,16.53173,8252.599135,91294.81016500002,-670.9078899999986,-670.9078899999986,-0.07518432922396884
002639,雪人集团,2025-05-30,2,12,1,39.950278836399995,39.257620489699995,37.499744329,11.33,10.2,10.5369,10.542168449999998,900,9492.951604999998,83042.21103000002,2025-06-03,sell_t1_close,2,11.54,11.534229999999999,10365.426193,101660.23635800002,872.474588000001,872.474588000001,0.09190761991670357
603011,合锻智能,2025-06-03,80,13,11,24.59513243,33.04648187,16.08939889,20.4,18.4,18.971999999999998,18.981485999999997,500,9495.742999999999,92164.49335800002,2025-06-04,sell_t1_close,2,18.06,18.05097,9011.459515,101175.95287300002,-484.2834849999981,-484.2834849999981,-0.05100006234372583
002657,中科金财,2025-06-06,70,10,2,26.447964153,38.2649797704,26.595389095999998,27.13,25.21,25.2309,25.243515449999997,300,7578.054634999999,93597.89823800002,2025-06-09,sell_t1_close,2,24.51,24.497745000000002,7336.974176500001,100934.87241450003,-241.0804584999978,-241.0804584999978,-0.03181297445211648
002104,恒宝股份,2025-06-10,35,5,7,32.9755091127,33.367909366999996,33.1134247349,12.04,11.05,11.197199999999999,11.202798599999998,800,8967.238879999999,91967.63353450003,2025-06-11,sell_t1_close,2,11.47,11.464265000000001,9157.240588,101124.87412250003,190.0017080000016,190.0017080000016,0.021188429408719133
002366,融发核电,2025-06-19,9,9,1,37.9447238518,51.9174452128,32.9392142818,8.2,7.38,7.625999999999999,7.629812999999998,1300,9923.756899999997,91201.11722250003,2025-06-20,sell_drop7,2,7.49,7.486255000000001,9717.3993685,93748.93609100004,-206.35753149999618,-206.35753149999618,-0.020794295303626014
002190,成飞集成,2025-06-19,86,59,96,20.3518373137,29.815523512600002,22.680486030999997,38.5,34.67,35.805,35.8229025,200,7169.5805,84031.53672250004,2025-06-20,sell_t1_close,2,34.66,34.642669999999995,6916.605465999999,100665.54155700003,-252.97503400000096,-252.97503400000096,-0.03528449593389752
600610,中毅达,2025-06-25,98,77,20,32.66508987,30.57162115,12.1787882,17.27,16.01,16.0611,16.06913055,600,9646.47833,91019.06322700004,2025-06-26,sell_t1_close,2,17.78,17.771110000000004,10647.003334000003,101666.06656100004,1000.5250040000028,1000.5250040000028,0.10371919883844313
600110,诺德股份,2025-06-27,9,1,6,36.15275123,42.05501189,31.05837648,7.2,6.58,6.696,6.699348,1400,9384.0872,92281.97936100005,2025-06-30,sell_t1_close,2,6.99,6.986505,9766.325893,102048.30525400005,382.23869299999933,382.23869299999933,0.04073264504617981
002579,中京电子,2025-07-01,21,2,3,32.858037993800004,33.3178833475,36.155393454,15.15,13.65,14.0895,14.096544749999998,700,9872.581325,92175.72392900006,2025-07-02,sell_t1_close,2,14.18,14.17291,9906.115963,85021.06876700006,33.534638000000996,33.534638000000996,0.003396744670523238
002882,金龙羽,2025-07-01,84,35,4,22.5172261508,26.641167889200002,22.7535387882,39.5,35.6,36.735,36.753367499999996,200,7355.673499999999,84820.05042900005,2025-07-02,sell_t1_close,2,34.76,34.74262,6936.575476,91957.64424300006,-419.098023999999,-419.098023999999,-0.056976159151163934
002987,京北方,2025-07-01,115,100,18,26.1520996458,31.9412031084,41.4866458135,20.85,18.77,19.3905,19.40019525,500,9705.097625,75114.95280400006,2025-07-02,sell_t1_close,2,19.63,19.620185,9795.282407499999,101752.92665050006,90.18478249999862,90.18478249999862,0.00929251677671801
003040,楚天龙,2025-07-02,82,65,88,17.7224489454,28.4218714935,23.484998203099998,25.24,22.72,23.4732,23.484936599999997,400,9398.974639999999,82555.80788550005,2025-07-03,sell_t1_close,2,23.8,23.788100000000004,9500.724760000001,92056.53264550005,101.75012000000243,101.75012000000243,0.010825661723458214
002263,大东南,2025-07-02,81,12,9,26.0544944866,33.2200264085,24.2524052565,4.21,3.83,3.9153,3.9172576499999994,2500,9798.144124999999,91954.78252550005,2025-07-04,sell_t1_close,3,4.42,4.41779,11028.430525,103084.96317050005,1230.2864000000009,1230.2864000000009,0.12556320710377394
000737,北方铜业,2025-07-04,64,56,6,26.007620559699998,33.375233585100005,37.9219460233,12.29,11.27,11.429699999999999,11.435414849999997,800,9153.331879999998,93931.63129050005,2025-07-07,sell_t1_close,2,11.16,11.15442,8909.612464,102841.24375450006,-243.7194159999981,-243.7194159999981,-0.02662630604845917
002987,京北方,2025-07-10,63,12,27,41.243026941,46.85630678890001,42.4891816213,26.72,24.5,24.8496,24.862024799999997,400,9949.809919999998,84676.01067450005,2025-07-11,sell_t1_close,2,24.6,24.5877,9820.24492,94496.25559450005,-129.5649999999987,-129.5649999999987,-0.013021856803471349
002104,恒宝股份,2025-07-10,6,7,26,44.5124926151,38.26046351,37.0347820953,22.06,19.86,20.5158,20.526057899999998,400,8215.423159999998,94625.82059450005,2025-07-14,sell_drop7,3,22.2,22.1889,8861.684439999999,103357.94003450005,646.2612800000006,646.2612800000006,0.07866439347233828
601519,大智慧,2025-07-14,31,7,14,29.40282315,62.27957616,57.69595091,15.82,14.24,14.7126,14.7199563,600,8836.97378,94520.96625450005,2025-07-15,sell_drop7,2,13.2,13.1934,7903.12396,82696.60639950004,-933.8498200000004,-933.8498200000004,-0.10567529600614027
000617,中油资本,2025-07-14,94,41,5,51.140740683999994,74.2266492111,88.04481812780001,9.66,8.87,8.983799999999999,8.988291899999998,1100,9892.121089999999,84628.84516450005,2025-07-15,sell_t1_close,2,8.88,8.875560000000002,9748.352884000002,92444.95928350005,-143.768205999997,-143.768205999997,-0.014533607574348548
600571,信雅达,2025-07-14,146,100,73,18.77735374,25.71227232,38.54585394,21.13,19.57,19.650899999999996,19.660725449999994,500,9835.362724999997,74793.48243950005,2025-07-15,sell_t1_close,2,19.22,19.21039,9590.589805,102035.54908850005,-244.7729199999976,-244.7729199999976,-0.024887025201197923
002366,融发核电,2025-07-15,97,77,99,25.998940414499998,25.9046609811,20.017772278800003,9.44,8.73,8.7792,8.783589599999999,1100,9666.948559999999,92368.60052850004,2025-07-16,sell_t1_close,2,8.5,8.495750000000001,9330.979675,101699.58020350004,-335.9688849999984,-335.9688849999984,-0.03475438841064842
001287,中电港,2025-07-21,179,37,73,19.4565860193,29.224222864,32.5447205752,23.12,21.36,21.5016,21.5123508,400,8609.94032,93089.63988350004,2025-07-22,sell_t1_close,2,20.58,20.56971,8214.656116,101304.29599950004,-395.2842039999996,-395.2842039999996,-0.045910214160462336
000657,中钨高新,2025-07-28,66,7,8,38.0290264243,48.2838350782,36.5710619929,19.08,17.41,17.7444,17.753272199999998,500,8881.6361,92422.65989950004,2025-07-29,sell_t1_close,2,19.0,18.9905,9480.75475,101903.41464950005,599.1186500000003,599.1186500000003,0.06745588799793321
002104,恒宝股份,2025-07-30,48,19,86,36.6089275534,43.5960263839,26.795584241500002,21.45,19.4,19.9485,19.95847425,500,9984.237125,91919.17752450005,2025-07-31,sell_t1_close,2,19.91,19.900045000000002,9935.072477500002,83417.32114200004,-49.164647499997955,-49.164647499997955,-0.004924226747068365
600392,盛和资源,2025-07-30,28,33,4,82.48326534,73.24666785,80.24869702,24.01,21.67,22.3293,22.340464649999998,400,8941.18586,82977.99166450005,2025-07-31,sell_t1_close,2,21.71,21.699145,8665.978342000002,92083.29948400005,-275.20751799999744,-275.20751799999744,-0.0307797558745745
600619,海立股份,2025-07-30,96,85,79,21.01210611,27.57901168,24.09978218,17.0,15.61,15.809999999999999,15.817904999999998,600,9495.742999999999,73482.24866450005,2025-07-31,sell_t1_close,2,15.51,15.502245,9287.045653,101370.34513700004,-208.69734699999935,-208.69734699999935,-0.02197799024257495
600010,包钢股份,2025-07-31,5,1,11,85.81661901,101.91375884,62.08287487,2.92,2.67,2.7156,2.7169577999999994,3600,9786.048079999999,91584.29705700005,2025-08-01,sell_t1_close,2,2.53,2.5287349999999997,9089.342554,91328.63194100006,-696.7055259999979,-696.7055259999979,-0.07119375669366199
002370,亚太药业,2025-07-31,94,38,12,19.6612646332,23.7077973593,12.8538844334,7.17,6.55,6.6681,6.671434049999999,1400,9345.007669999999,82239.28938700006,2025-08-04,sell_t1_close,3,8.09,8.085955,11304.016663,102632.64860400006,1959.0089930000013,1959.0089930000013,0.20963160889519114
002570,贝因美,2025-08-04,39,6,6,25.9024506204,32.6619043116,38.5092506239,7.81,7.06,7.263299999999999,7.266931649999999,1300,9452.011144999999,93180.63745900006,2025-08-05,sell_t1_close,2,7.08,7.076460000000001,9185.198602,102365.83606100007,-266.8125429999982,-266.8125429999982,-0.02822812403698221
000558,天府文旅,2025-08-06,51,31,15,22.5286808668,22.051486827199998,26.9489673831,7.32,6.59,6.8076,6.8110038,1400,9540.40532,92825.43074100006,2025-08-07,sell_drop7,2,5.96,5.95702,8326.488172,101151.91891300006,-1213.9171480000005,-1213.9171480000005,-0.1272395781188886
002097,山河智能,2025-08-07,8,6,2,46.563480113199994,65.0054441,59.441050119799996,17.5,15.75,16.275,16.2831375,600,9774.8825,91377.03641300005,2025-08-11,sell_t1_close,3,17.9,17.89105,10718.895369999998,102095.93178300005,944.0128699999987,944.0128699999987,0.0965753675299932
601606,长城军工,2025-08-14,3,1,2,85.85492599,44.71796396,78.79400428,67.82,61.05,63.07259999999999,63.104136299999986,100,6315.413629999998,95780.51815300006,2025-08-15,sell_t1_close,2,60.26,60.22987,6011.964013,92915.49839100006,-303.4496169999984,-303.4496169999984,-0.0480490486891511
600203,福日电子,2025-08-14,24,6,5,39.47052425,48.28196945,48.794401,19.07,17.17,17.7351,17.743967549999997,500,8876.983774999999,86903.53437800005,2025-08-15,sell_t1_close,2,17.5,17.49125,8731.879375,101647.37776600006,-145.10439999999835,-145.10439999999835,-0.016346137796111763
000901,航天科技,2025-08-15,32,39,20,40.7175761712,51.9684441525,18.2130345436,22.02,19.82,20.478599999999997,20.488839299999995,400,8200.535719999998,93446.84204600006,2025-08-18,sell_t1_close,2,20.7,20.68965,8262.58414,94011.34156600008,62.04842000000281,62.04842000000281,0.007566386162878981
600967,内蒙一机,2025-08-15,67,62,17,62.89350208,77.58378635,41.96875134,27.56,25.19,25.630799999999997,25.643615399999995,300,7698.084619999999,85748.75742600007,2025-08-18,sell_t1_close,2,27.77,27.756115,8313.507665500001,102324.84923150008,615.4230455000024,615.4230455000024,0.07994495720417302
002104,恒宝股份,2025-08-18,11,5,4,85.1380769743,88.7537605044,52.83506814810001,29.01,26.91,26.9793,26.992789649999995,300,8102.836894999999,94222.01233650008,2025-08-19,sell_t1_close,2,28.4,28.3858,8502.224259999999,94371.10461650007,399.3873650000005,399.3873650000005,0.04928981913068615
601138,工业富联,2025-08-18,55,25,15,115.09162414,102.34688715,106.50283436,44.86,41.66,41.7198,41.7406599,200,8353.13198,85868.88035650007,2025-08-20,sell_t1_close,3,47.91,47.886044999999996,9562.631791,68976.63658750008,1209.4998109999997,1209.4998109999997,0.14479596562055036
002837,英维克,2025-08-19,42,9,12,83.8067197732,75.3668867022,67.72254747619999,70.2,64.99,65.286,65.318643,100,6536.864299999999,87834.24031650007,2025-08-20,sell_t1_close,2,69.3,69.26535,6914.608465,75891.24505250007,377.744165000001,377.744165000001,0.057786753352062244
601929,吉视传媒,2025-08-19,61,15,23,34.81518026,36.96990101,36.07845372,4.31,3.88,4.008299999999999,4.010304149999999,2400,9629.729959999997,78204.51035650008,2025-08-20,sell_drop7,2,3.6,3.5982000000000003,8622.04432,84513.28937250008,-1007.685639999996,-1007.685639999996,-0.10464318773067613
000561,烽火电子,2025-08-19,134,29,77,23.6223923845,20.783547046600003,25.5293375633,15.84,14.5,14.7312,14.7385656,600,8848.13936,69356.37099650007,2025-08-20,sell_drop7,2,13.62,13.61319,8154.746086,92668.03545850008,-693.3932739999991,-693.3932739999991,-0.07836599829503581
002173,创新医疗,2025-08-19,86,66,11,37.902521521,46.5685902862,46.8676108164,26.7,24.68,24.830999999999996,24.843415499999995,400,9942.366199999999,59414.00479650008,2025-08-20,sell_drop7,2,23.05,23.038475000000002,9201.174610000002,101869.21006850008,-741.1915899999967,-741.1915899999967,-0.07454881213287003
600410,华胜天成,2025-08-20,2,3,5,101.47849244,91.34776232,33.56599386,22.75,20.48,21.1575,21.16807875,400,8472.2315,93396.97856850008,2025-08-21,sell_t1_close,2,20.39,20.379805,8138.7700780000005,83460.77067150008,-333.4614219999994,-333.4614219999994,-0.03935933785567585
002939,长城证券,2025-08-20,87,33,13,50.2261974159,72.7203051111,32.6509927087,13.7,12.36,12.740999999999998,12.747370499999997,700,8928.159349999998,84468.81921850008,2025-08-21,sell_t1_close,2,11.87,11.864065,8291.540654499999,91752.31132600008,-636.6186954999994,-636.6186954999994,-0.0713045848022414
002536,飞龙股份,2025-08-20,132,48,12,35.9412917832,50.6149263825,31.9692001398,32.75,29.73,30.4575,30.472728749999998,300,9146.818625,75322.00059350008,2025-08-21,sell_drop7,2,28.91,28.895545000000002,8654.9948365,100407.30616250008,-491.82378849999986,-491.82378849999986,-0.05376992905005809
600111,北方稀土,2025-08-26,7,2,2,203.01734056,227.78383405,185.94150613,52.69,48.7,49.00169999999999,49.02620084999999,200,9810.240169999997,90597.06599250008,2025-08-27,sell_t1_close,2,53.46,53.43327,10670.967346000001,91275.42202850008,860.727176000004,860.727176000004,0.08773762528588576
002190,成飞集成,2025-08-26,38,14,12,56.8879722444,35.3680992386,45.5182120775,53.67,49.82,49.9131,49.93805655,200,9992.61131,80604.45468250007,2025-08-27,sell_drop7,2,51.1,51.074450000000006,10199.675110000002,101475.09713850007,207.06380000000172,207.06380000000172,0.020721690614823055
002217,合力泰,2025-08-28,83,10,13,34.8736715386,45.2087061121,29.7959408482,3.9,3.6,3.627,3.6288134999999997,2700,9802.79645,91672.30068850008,2025-08-29,sell_drop7,2,3.51,3.508245,9457.789238500001,101130.08992700008,-345.00721149999845,-345.00721149999845,-0.035194774599241876
600118,中国卫星,2025-09-01,107,61,21,38.67472531,54.27244709,59.22026857,39.64,36.33,36.8652,36.8836326,200,7381.72652,93748.36340700008,2025-09-02,sell_t1_close,2,35.66,35.64217,7116.305566,100864.66897300008,-265.42095400000017,-265.42095400000017,-0.0359564870468813
002195,岩山科技,2025-09-02,10,2,3,102.9709228751,138.3746860287,136.8459016449,8.88,8.17,8.2584,8.2625292,1200,9920.035039999999,90944.63393300008,2025-09-03,sell_t1_close,2,9.02,9.01549,10802.769412,59941.733450000094,882.7343720000008,882.7343720000008,0.08898500544006152
601606,长城军工,2025-09-02,19,7,6,65.62218105,77.20594136,74.61975627,70.7,65.3,65.751,65.78387550000001,100,6583.38755,84361.24638300008,2025-09-03,sell_drop7,2,65.18,65.14741000000001,6503.226259000001,66444.95970900009,-80.16129099999944,-80.16129099999944,-0.012176298355699784
002600,领益智造,2025-09-02,40,25,12,77.1578750963,74.68409445180001,100.366973016,15.65,14.27,14.554499999999999,14.561777249999999,600,8742.06635,75619.18003300008,2025-09-03,sell_t1_close,2,13.9,13.89305,8322.49417,74767.4538790001,-419.5721799999992,-419.5721799999992,-0.04799462314764967
000063,中兴通讯,2025-09-02,83,34,63,138.769679199,153.32547283559998,120.9479564204,48.0,44.05,44.64,44.66232,200,8937.464,66681.71603300009,2025-09-03,sell_t1_close,2,43.94,43.91803,8769.822393999999,83537.2762730001,-167.64160600000105,-167.64160600000105,-0.018757178322620492
002261,拓维信息,2025-09-02,66,70,20,74.37752269319999,78.5223138429,97.1816777649,40.92,37.51,38.0556,38.074627799999995,200,7619.925559999999,59061.790473000096,2025-09-03,sell_t1_close,2,36.33,36.311835,7250.104633,90787.3809060001,-369.82092699999885,-369.82092699999885,-0.048533404176719926
002241,歌尔股份,2025-09-02,95,82,21,82.6122914697,77.7650566329,86.02917725719999,35.53,32.76,33.042899999999996,33.059421449999995,300,9922.826434999999,49138.96403800009,2025-09-03,sell_t1_close,2,32.36,32.34382,9688.442854,100475.82376000009,-234.38358099999823,-234.38358099999823,-0.02362064705407681
000831,中国稀土,2025-09-03,64,37,43,77.6329256822,100.1650009113,101.9583386285,61.56,56.2,57.2508,57.279425399999994,100,5732.942539999999,94742.88122000008,2025-09-04,sell_drop7,2,51.84,51.814080000000004,5171.226592,99914.10781200009,-561.7159479999991,-561.7159479999991,-0.09798039036337511
601929,吉视传媒,2025-09-04,12,3,14,29.47741941,37.42759175,51.35843849,5.53,4.98,5.1429,5.14547145,1900,9781.395755,90132.71205700008,2025-09-05,sell_t1_close,2,5.45,5.447275,10334.4726775,85821.90074950008,553.0769225000004,553.0769225000004,0.05654376291004089
601138,工业富联,2025-09-04,36,31,47,180.22745305,119.03006052,150.10975666,54.24,49.93,50.4432,50.46842159999999,100,5051.842159999999,85080.86989700008,2025-09-05,sell_t1_close,2,55.83,55.802085,5569.6282915,91391.52904100009,517.7861315000009,517.7861315000009,0.1024945188509217
002115,三维通信,2025-09-04,7,42,28,45.890464889499995,37.1478181185,46.53602709810001,11.45,10.31,10.648499999999999,10.653824249999998,900,9593.441824999998,75487.42807200008,2025-09-05,sell_drop7,2,11.05,11.044475000000002,9925.087472500001,101316.61651350009,331.6456475000032,331.6456475000032,0.03457003790190839
600330,天通股份,2025-09-09,91,27,16,33.53152717,52.47495108,35.63376817,11.6,10.71,10.787999999999998,10.793393999999997,900,9719.054599999998,91597.56191350009,2025-09-10,sell_t1_close,2,10.39,10.384805000000002,9331.978175500002,100929.54008900009,-387.0764244999955,-387.0764244999955,-0.03982655108244742
600103,青山纸业,2025-09-16,32,5,5,31.9790351,37.58939018,8.32632107,4.59,4.16,4.2687,4.2708343499999994,2300,9827.919004999998,91101.62108400009,2025-09-17,sell_t1_close,2,4.54,4.537730000000001,10421.342221000003,101522.96330500008,593.4232160000047,593.4232160000047,0.06038137022680976
002050,三花智控,2025-09-19,6,4,7,160.69807391959998,216.10523782200002,151.5166484898,45.55,41.0,42.36149999999999,42.38268074999999,200,8481.536149999998,93041.42715500008,2025-09-22,sell_t1_close,2,42.97,42.948515,8576.113297,75509.51045700008,94.57714700000179,94.57714700000179,0.01115094545697383
600410,华胜天成,2025-09-19,24,7,15,66.31086854,111.9299716,97.57136638,23.8,22.01,22.134,22.145066999999997,400,8863.0268,84178.40035500008,2025-09-22,sell_t1_close,2,21.34,21.329330000000002,8518.200268000002,84027.71072500008,-344.8265319999973,-344.8265319999973,-0.03890618180236094
000559,万向钱潮,2025-09-19,36,13,12,30.7670627363,50.0430611509,10.5134674126,11.52,10.37,10.7136,10.718956799999999,900,9652.061119999998,74526.33923500008,2025-09-22,sell_t1_close,2,10.02,10.014990000000001,8999.477509,93027.18823400009,-652.5836109999982,-652.5836109999982,-0.06761080383626894
601689,拓普集团,2025-09-19,106,66,67,76.21665441,99.54489126,78.72253212,81.55,74.0,75.8415,75.87942075,100,7592.942074999999,66933.39716000008,2025-09-22,sell_t1_close,2,76.33,76.291835,7616.554316500001,100643.74255050009,23.6122415000018,23.6122415000018,0.0031097618376078294
603618,杭电股份,2025-09-24,84,20,20,12.60618033,24.04976747,18.71077693,12.23,11.01,11.373899999999999,11.379586949999998,800,9108.669559999998,91535.07299050009,2025-09-25,sell_drop7,2,9.91,9.905045000000001,7911.111964000001,89539.17642450008,-1197.5575959999978,-1197.5575959999978,-0.13147448023133668
002131,利欧股份,2025-09-24,49,52,28,55.7948958107,53.0953207972,54.143057453599994,6.26,5.75,5.8218,5.8247108999999995,1700,9907.00853,81628.06446050009,2025-09-25,sell_t1_close,2,5.88,5.87706,9976.010998,99515.18742250008,69.00246800000059,69.00246800000059,0.006965015503019921
002549,凯美特气,2025-09-26,29,19,12,31.910105914899997,56.4928890465,60.887156014300004,27.55,24.8,25.621499999999997,25.634310749999997,300,7695.293224999999,91819.89419750008,2025-09-29,sell_t1_close,2,23.7,23.68815,7094.338554999999,90032.59665250007,-600.9546700000001,-600.9546700000001,-0.07809379739392583
002600,领益智造,2025-09-26,43,29,39,60.7942521392,87.6824572766,72.57039128859999,15.9,14.68,14.786999999999999,14.794393499999998,600,8881.6361,82938.25809750007,2025-09-30,sell_t1_close,3,16.29,16.281855,9754.343886999999,90209.31661950007,872.7077869999994,872.7077869999994,0.09825980001590015
002298,中电鑫龙,2025-09-29,60,9,5,32.225734358400004,48.2176834734,32.4649027514,12.86,11.8,11.9598,11.9657799,800,9577.62392,80454.97273250007,2025-10-09,sell_t1_close,3,13.41,13.403295000000002,10706.913364000002,100916.22998350007,1129.2894440000018,1129.2894440000018,0.11790914463051937
002050,三花智控,2025-10-10,27,33,4,131.7237650129,130.0900911303,114.1033597536,49.39,45.0,45.9327,45.955666349999994,200,9196.133269999998,91720.09671350007,2025-10-13,sell_t1_close,2,43.16,43.138419999999996,8614.056316,56271.57774450007,-582.0769539999983,-582.0769539999983,-0.06329583716439534
603799,华友钴业,2025-10-10,64,40,6,97.29587239,114.28158792,102.02113922,70.29,63.65,65.3697,65.40238484999999,100,6545.238484999999,85174.85822850007,2025-10-13,sell_t1_close,2,70.48,70.44476,7032.4315240000005,63304.00926850007,487.1930390000016,487.1930390000016,0.07443472688069695
000559,万向钱潮,2025-10-10,52,70,7,32.1080861892,42.7585188541,60.8556035644,13.03,11.73,12.117899999999999,12.123958949999999,800,9704.167159999999,75470.69106850008,2025-10-13,sell_t1_close,2,11.33,11.324335000000001,9045.408532000001,72349.41780050007,-658.7586279999978,-658.7586279999978,-0.06788409733040891
002074,国轩高科,2025-10-10,37,72,71,66.56013886390001,63.3103431212,56.09101472020001,49.3,44.37,45.849,45.87192449999999,200,9179.3849,66291.30616850007,2025-10-13,sell_t1_close,2,42.9,42.878550000000004,8562.134290000002,80911.55209050007,-617.2506099999973,-617.2506099999973,-0.06724313412328939
000977,浪潮信息,2025-10-10,46,74,63,100.12085060790001,120.01091533700001,78.62675848079999,75.96,69.04,70.6428,70.6781214,100,7072.812139999999,59218.49402850007,2025-10-13,sell_t1_close,2,70.48,70.44476,7032.4315240000005,87943.98361450007,-40.380615999998554,-40.380615999998554,-0.005709273086956125
002475,立讯精密,2025-10-10,50,87,33,162.5852477109,170.4650978628,148.8445317874,65.3,60.21,60.72899999999999,60.75936449999999,100,6080.936449999999,53137.55757850007,2025-10-13,sell_t1_close,2,57.75,57.721125,5761.3403875,93705.32400200007,-319.5960624999989,-319.5960624999989,-0.05255704694956957
300450,先导智能,2025-10-10,24,88,42,113.86942015,100.02713552,103.88220324,62.9,54.07,54.723,54.7503615,100,5480.03615,47657.52142850007,2025-10-13,sell_t1_close,2,56.0,55.972,5586.6028,99291.92680200006,106.56664999999975,106.56664999999975,0.019446340696128394
002460,赣锋锂业,2025-10-13,14,21,4,88.69140133239999,102.59701407899999,84.659882994,63.93,59.2,59.454899999999995,59.48462744999999,100,5953.462744999999,83638.94922200007,2025-10-14,sell_t1_close,2,68.52,68.48573999999999,6836.725426,66042.48165300007,883.2626810000011,883.2626810000011,0.1483611670773966
601138,工业富联,2025-10-13,79,54,45,107.76334666,124.0693835,152.52473527,66.41,61.0,61.76129999999999,61.792180649999985,100,6184.218064999998,77454.73115700007,2025-10-14,sell_t1_close,2,59.72,59.69014,5958.044986,72000.52663900006,-226.17307899999832,-226.17307899999832,-0.03657262351081056
600580,卧龙电驱,2025-10-13,108,65,42,46.24719533,63.93127992,90.64110944,47.85,44.0,44.500499999999995,44.522750249999994,200,8909.550049999998,68545.18110700007,2025-10-14,sell_t1_close,2,43.69,43.668155,8719.897369,80720.42400800006,-189.65268099999776,-189.65268099999776,-0.021286448803326245
603993,洛阳钼业,2025-10-13,68,76,12,68.11229444,77.23915351,66.21689414,16.72,15.51,15.549599999999998,15.557374799999998,600,9339.424879999999,59205.75622700007,2025-10-14,sell_drop7,2,16.01,16.001995,9586.595803,90307.01981100006,247.1709230000015,247.1709230000015,0.026465325882036702
000981,山子高科,2025-10-13,27,3,3,72.6925859107,121.2375965055,54.5055808223,4.53,4.16,4.2129,4.21500645,2300,9699.514835,89592.41196700007,2025-10-15,sell_t1_close,3,4.43,4.427785,10168.7215945,100475.74140550007,469.20675950000077,469.20675950000077,0.04837425041167028
601212,白银有色,2025-10-20,12,1,2,22.91693365,42.49198963,40.9003714,6.53,5.88,6.0729,6.0759364499999995,1600,9726.498319999999,90749.24308550007,2025-10-21,sell_t1_close,2,5.64,5.63718,9005.468512,99754.71159750008,-721.0298079999993,-721.0298079999993,-0.07413046137245408
601138,工业富联,2025-10-31,6,8,1,181.80679395,193.14782838,158.96272624,77.97,71.5,72.51209999999999,72.54835604999998,100,7259.835604999998,92494.87599250008,2025-11-03,sell_t1_close,2,74.89,74.85255500000001,7472.770244500001,99967.64623700008,212.93463950000296,212.93463950000296,0.029330504309677548
002407,多氟多,2025-11-03,41,4,11,56.957398216,76.6213332809,64.0815568464,28.4,25.95,26.411999999999995,26.425205999999996,300,7932.561799999999,92035.08443700009,2025-11-04,sell_t1_close,2,27.83,27.816085,8331.4806745,100366.56511150008,398.91887450000195,398.91887450000195,0.05028878243343809
601929,吉视传媒,2025-11-06,9,3,4,43.3492243,48.14963035,44.81722851,4.93,4.44,4.584899999999999,4.587192449999999,2100,9638.104144999998,90728.46096650008,2025-11-07,sell_t1_close,2,4.23,4.227885000000001,8864.6799415,90013.65605800008,-773.424203499997,-773.424203499997,-0.08024650822031527
603686,福龙马,2025-11-06,33,11,2,31.4638153,65.15956828,39.6561824,34.3,30.87,31.898999999999994,31.91494949999999,300,9579.484849999997,81148.97611650008,2025-11-07,sell_t1_close,2,31.9,31.884050000000002,9550.649785,99564.30584300008,-28.835064999997485,-28.835064999997485,-0.003010085140433986
000555,神州信息,2025-11-07,68,85,69,33.535828157,41.7817452208,47.2264846203,21.3,19.4,19.809,19.8189045,500,9914.452249999998,89649.85359300008,2025-11-10,sell_t1_close,2,19.05,19.040475,9505.7172625,99155.57085550007,-408.73498749999817,-408.73498749999817,-0.041226179439211905
002050,三花智控,2025-11-10,36,12,3,116.75561541280001,99.91363346920001,140.7036034679,48.42,45.0,45.0306,45.053115299999995,200,9015.623059999998,90139.94779550008,2025-11-11,sell_t1_close,2,43.9,43.87805,8761.83439,89607.01962550008,-253.7886699999981,-253.7886699999981,-0.028149875866704453
002163,海南发展,2025-11-10,119,55,40,30.9291044661,33.4315250088,36.1084628451,16.64,15.22,15.4752,15.482937599999998,600,9294.76256,80845.18523550007,2025-11-11,sell_t1_close,2,15.67,15.662165000000002,9382.901701,98989.92132650007,88.13914100000147,88.13914100000147,0.009482667301186173
002639,雪人集团,2025-11-12,89,49,7,26.709827520300003,36.3407551848,48.1809171841,14.1,13.06,13.113,13.119556499999998,700,9188.68955,71226.59409650008,2025-11-13,sell_t1_close,2,13.76,13.753120000000001,9612.556816,54560.84582250008,423.8672660000011,423.8672660000011,0.046129240050340053
601179,中国西电,2025-11-12,88,58,19,44.55877035,50.33907327,64.29135144,10.53,9.78,9.7929,9.797796449999998,1000,9802.796449999998,61423.79764650008,2025-11-13,sell_t1_close,2,9.8,9.795100000000001,9780.304900000003,64341.15072250008,-22.491549999995186,-22.491549999995186,-0.0022944014103236012
601012,隆基绿能,2025-11-12,30,73,67,109.4502073,63.87793972,92.80405739,22.44,20.22,20.8692,20.8796346,400,8356.85384,53066.94380650009,2025-11-13,sell_t1_close,2,21.3,21.289350000000002,8502.22426,72843.37498250009,145.3704200000011,145.3704200000011,0.017395352698905298
000572,海马汽车,2025-11-12,53,15,2,42.5179887111,53.523391707200005,70.074583313,9.95,9.13,9.253499999999999,9.258126749999999,1000,9263.12675,89726.79457650008,2025-11-14,sell_t1_close,3,10.94,10.93453,10918.59547,74310.88977250009,1655.4687200000008,1655.4687200000008,0.17871597406350948
002407,多氟多,2025-11-12,21,26,8,77.5249596955,81.91995185399999,99.94936226120001,33.34,30.56,31.0062,31.021703099999996,300,9311.510929999999,80415.28364650007,2025-11-14,sell_t1_close,3,38.29,38.270855000000005,11464.775243500002,85775.66501600009,2153.2643135000035,2153.2643135000035,0.23124757407120433
002709,天赐材料,2025-11-12,94,91,64,69.4304305547,78.4558996838,111.97719765469999,43.6,40.5,40.548,40.568274,200,8118.6548,44948.28900650008,2025-11-14,sell_t1_close,3,46.61,46.586695,9303.021661,95078.68667700009,1184.3668610000004,1184.3668610000004,0.1458821553787458
002196,方正电机,2025-11-13,58,12,5,29.270017395,33.5920557294,27.102982767399997,16.92,15.23,15.7356,15.7434678,600,9451.08068,63392.294302500086,2025-11-14,sell_drop7,2,14.3,14.292850000000001,8562.134290000002,103640.8209670001,-888.9463899999973,-888.9463899999973,-0.0940576448449065
002326,永太科技,2025-11-18,62,12,74,65.6226825821,52.317037344700005,58.148809166099994,31.03,28.01,28.8579,28.87232895,300,8666.698685,94974.1222820001,2025-11-19,sell_t1_close,2,30.0,29.985000000000003,8981.5045,94080.2540620001,314.8058149999997,314.8058149999997,0.0363236136898187
002317,众生药业,2025-11-18,73,64,13,40.3528696683,51.6597123585,20.3018609757,26.52,23.87,24.6636,24.675931799999997,400,9875.37272,85098.7495620001,2025-11-19,sell_t1_close,2,22.74,22.72863,9077.360547999999,103157.61461000009,-798.0121720000006,-798.0121720000006,-0.08080830917741813
600410,华胜天成,2025-11-21,23,5,4,60.96368831,95.93192726,110.19738789,22.32,20.09,20.7576,20.767978799999998,400,8312.191519999998,94845.4230900001,2025-11-24,sell_t1_close,2,18.9,18.89055,7543.66378,93004.9996700001,-768.5277399999986,-768.5277399999986,-0.0924578961096891
000546,金圆股份,2025-11-21,159,56,24,0.84997512,21.3070613643,3.12227756,7.2,6.48,6.696,6.699348,1400,9384.0872,85461.3358900001,2025-11-24,sell_drop7,2,5.9,5.897050000000001,8242.61413,101247.61380000011,-1141.47307,-1141.47307,-0.1216392224062027
600745,闻泰科技,2025-11-24,134,88,67,21.89979353,22.50890601,28.37534727,42.36,39.0,39.3948,39.414497399999995,200,7887.899479999999,93359.71432000012,2025-11-25,sell_t1_close,2,40.83,40.809585,8148.755082999999,101508.46940300011,260.855603,260.855603,0.03307035081537322
601606,长城军工,2025-11-26,82,14,4,46.88231043,71.97120615,58.68542396,57.3,52.68,53.288999999999994,53.31564449999999,100,5336.564449999999,96171.9049530001,2025-11-27,sell_t1_close,2,52.1,52.07395,5197.187605,101369.0925580001,-139.37684499999887,-139.37684499999887,-0.0261173356577749
000892,欢瑞世纪,2025-11-27,94,18,24,5.6753588938999995,24.4447735429,6.82386165,9.75,8.78,9.067499999999999,9.07203375,1100,9984.237125,91384.8554330001,2025-11-28,sell_drop7,2,8.04,8.03598,8825.738422,100210.5938550001,-1158.4987029999993,-1158.4987029999993,-0.11603277130700151
603778,国晟科技,2025-12-02,45,13,7,28.32467625,21.52144235,12.80253307,12.75,11.73,11.8575,11.863428749999999,800,9495.742999999999,90714.8508550001,2025-12-03,sell_t1_close,2,12.64,12.633680000000002,10091.837056000002,100806.6879110001,596.0940560000035,596.0940560000035,0.06277487248759825
600693,东百集团,2025-12-03,82,29,99,14.93863658,20.06303733,16.38081166,11.0,9.9,10.229999999999999,10.235114999999999,900,9216.6035,91590.0844110001,2025-12-04,sell_t1_close,2,9.26,9.255370000000001,8316.503167,90301.04970800011,-900.1003329999985,-900.1003329999985,-0.09766074161701743
000070,特发信息,2025-12-03,84,48,66,31.3406748068,41.6199683898,41.3818238869,14.74,13.3,13.7082,13.7150541,700,9605.53787,81984.5465410001,2025-12-04,sell_t1_close,2,13.07,13.063465,9130.2810745,99431.33078250011,-475.2567954999995,-475.2567954999995,-0.049477374607446056
000078,海王生物,2025-12-08,13,5,9,40.368106456199996,30.996077038400003,36.8059126403,5.29,4.9,4.9197,4.92215985,2000,9849.3197,89582.0110825001,2025-12-09,sell_drop7,2,4.63,4.6276850000000005,9241.11463,98823.1257125001,-608.20507,-608.20507,-0.0617509725062534
601399,国机重装,2025-12-09,106,75,23,27.41669235,43.81029978,24.86773325,4.92,4.45,4.5756,4.577887799999999,2100,9618.564379999998,89204.5613325001,2025-12-10,sell_t1_close,2,4.74,4.73763,9934.073977000002,99138.63530950011,315.50959700000385,315.50959700000385,0.03280215056376261
002512,达华智能,2025-12-11,57,31,8,17.5506690809,37.5194248616,15.0255464077,8.04,7.24,7.477199999999999,7.480938599999998,1300,9730.220179999998,89408.4151295001,2025-12-12,sell_drop7,2,6.69,6.686655000000001,8678.958848500002,98087.3739780001,-1051.2613314999962,-1051.2613314999962,-0.10804085745775964
000905,厦门港务,2025-12-12,175,74,28,18.6483037434,24.8178648593,22.885767493600003,15.2,13.69,14.136,14.143067999999998,700,9905.147599999998,88182.22637800011,2025-12-15,sell_t1_close,2,14.15,14.142925000000002,9885.147452500001,98067.37383050012,-20.000147499997183,-20.000147499997183,-0.0020191670339165047
000547,航天发展,2025-12-15,9,6,11,105.55321954040001,107.52017139739999,87.97666848909999,21.31,19.2,19.818299999999997,19.828209149999996,500,9919.104574999998,88148.26925550011,2025-12-16,sell_t1_close,2,22.93,22.918535000000002,11442.808232500001,89648.71128800011,1523.7036575000038,1523.7036575000038,0.1536130248430216
001330,博纳影业,2025-12-15,76,28,41,13.913633880199999,33.394283817399995,37.4788732042,13.35,12.02,12.415499999999998,12.421707749999998,800,9942.366199999999,78205.90305550011,2025-12-16,sell_drop7,2,10.82,10.81459,8638.020328,98286.7316160001,-1304.345871999998,-1304.345871999998,-0.13119068899312905
600151,航天机电,2025-12-16,23,12,16,61.24803196,23.09561695,43.57743564,16.94,15.28,15.7542,15.7620771,600,9462.24626,88824.4853560001,2025-12-17,sell_t1_close,2,18.12,18.110940000000003,10850.697436000002,99675.18279200011,1388.4511760000023,1388.4511760000023,0.1467358952460832
002565,顺灏股份,2025-12-17,43,38,24,47.426556786300004,62.4038927116,66.64129146970001,16.85,15.17,15.6705,15.67833525,600,9412.00115,90263.18164200011,2025-12-19,sell_t1_close,3,16.58,16.57171,9928.082973999999,82732.25447100012,516.081823999999,516.081823999999,0.05483231629226894
002149,西部材料,2025-12-17,58,73,41,43.0665182118,41.787603200599996,48.7122101867,29.81,27.7,27.7233,27.737161649999997,300,8326.148495,81937.03314700011,2025-12-22,sell_t1_close,4,37.3,37.281349999999996,11168.220594999999,93900.47506600013,2842.0720999999994,2842.0720999999994,0.34134295127053216
002639,雪人集团,2025-12-18,46,26,11,46.8729598375,59.386738548400004,72.6377269753,19.62,17.8,18.2466,18.2557233,500,9132.861649999999,72804.17149700012,2025-12-22,sell_t1_close,3,19.43,19.420285,9695.4323575,103595.90742350013,562.5707075000009,562.5707075000009,0.06159851414151237
600879,航天电子,2025-12-23,32,46,14,101.71528156,90.55969319,95.28947754,17.41,15.67,16.1913,16.199395649999996,600,9724.637389999998,93871.27003350013,2025-12-24,sell_t1_close,2,16.92,16.911540000000002,10131.777076,104003.04710950013,407.13968600000226,407.13968600000226,0.04186682440403079
002759,天际股份,2025-12-29,34,8,9,87.9797139086,61.4522885809,72.3862126035,49.5,45.5,46.035,46.05801749999999,200,9216.603499999997,94786.44360950013,2025-12-30,sell_drop7,2,46.03,46.006985,9187.195603,61531.53125750014,-29.40789699999732,-29.40789699999732,-0.003190752102984286
002639,雪人集团,2025-12-29,83,18,73,43.722681949700004,62.5326490225,48.7004806702,20.59,19.02,19.148699999999998,19.158274349999996,500,9584.137174999998,85202.30643450013,2025-12-30,sell_t1_close,2,19.4,19.3903,9680.45485,71211.98610750014,96.31767500000205,96.31767500000205,0.010049697040151356
002407,多氟多,2025-12-29,68,20,100,75.7826391339,95.92575553389999,60.1628702855,36.95,33.26,34.3635,34.38068175,200,6881.13635,78321.17008450013,2025-12-30,sell_t1_close,2,34.19,34.172905,6822.746419,78034.73252650014,-58.389930999999706,-58.389930999999706,-0.008485507048555972
600179,安通控股,2025-12-29,99,23,47,25.2232236,37.43930688,9.68402967,6.55,5.9,6.091499999999999,6.094545749999999,1600,9756.273199999998,68564.89688450014,2025-12-30,sell_t1_close,2,5.49,5.487255,8765.828392,86800.56091850014,-990.4448079999984,-990.4448079999984,-0.10151876517767036
603698,航天工程,2025-12-29,168,76,39,21.80670211,31.3520311,14.20323928,39.39,35.81,36.6327,36.65101635,200,7335.20327,52344.33565450014,2025-12-30,sell_t1_close,2,36.8,36.7816,7343.96368,94144.52459850014,8.760409999999865,8.760409999999865,0.0011942968282595207
001208,华菱线缆,2025-12-29,107,32,11,27.406681326999998,39.5015106736,29.1485667038,23.86,22.0,22.189799999999998,22.200894899999998,400,8885.35796,59679.538924500135,2025-12-31,sell_t1_close,3,24.04,24.02798,9596.580807999999,93947.61360650013,711.2228479999994,711.2228479999994,0.08004436638363634
601933,永辉超市,2025-12-30,81,91,52,39.6715864,35.0814627,37.41137611,5.26,4.88,4.891799999999999,4.894245899999999,2000,9793.491799999998,84351.03279850013,2025-12-31,sell_t1_close,2,4.69,4.687655,9360.934690000002,103308.54829650014,-432.5571099999961,-432.5571099999961,-0.04416781254669516
