code,name,signal_date,entry_date,signal_rank,signal_close,entry_condition,buy_price,buy_exec,buy_shares,buy_cost,exit_date,exit_rank,exit_reason,sell_price,sell_exec,sell_proceed,hold_days,net_pnl,net_pnl_pct
600733,北汽蓝谷,2025-12-16,2025-12-30,4,8.24,gap_down_open,7.94,7.94397,41900,332952.1987029,2025-12-31,284,rank_drop_below_50,8.03,8.025985,335851.59609705006,2,2899.397394150088,0.00870814911403327
600271,航天信息,2025-12-16,2025-12-30,6,10.65,gap_down_open,10.54,10.545269999999999,31600,333330.5011595999,2025-12-31,107,rank_drop_below_50,11.69,11.684155,368739.31291260006,2,35408.81175300013,0.10622733782182825
002104,恒宝股份,2025-12-16,2025-12-26,8,20.38,gap_down_open,20.18,20.190089999999998,16500,333236.42594549997,2025-12-30,133,rank_drop_below_50,21.49,21.479255,353946.97748025,3,20710.551534750033,0.06214972290615431
002413,雷科防务,2025-12-15,2025-12-25,3,9.98,gap_down_open,8.96,8.96448,37100,332681.9826624,2025-12-26,102,rank_drop_below_50,9.43,9.425285,349223.49200445,2,16541.509342050005,0.049721686788298504
002519,银河电子,2025-12-11,2025-12-24,9,6.88,gap_down_open,5.52,5.522759999999999,60300,333122.33472839993,2025-12-25,276,rank_drop_below_50,6.11,6.1069450000000005,367770.06008145004,2,34647.725353050104,0.10400901332928925
002202,金风科技,2025-12-11,2025-12-23,10,16.98,rise2_trigger,17.3196,17.3282598,19200,332802.39893644804,2025-12-24,144,rank_drop_below_50,17.43,17.421285,334053.8367264,2,1251.437789951975,0.0037603027921410794
603019,中科曙光,2025-12-10,2025-12-23,6,90.12,gap_down_open,87.42,87.46370999999999,3800,332461.8066294,2025-12-24,228,rank_drop_below_50,87.15,87.10642500000002,330574.10926050006,2,-1887.6973688999424,-0.0056779375292398205
002163,海南发展,2025-12-10,2025-12-22,9,17.27,gap_down_open,15.87,15.877934999999999,20900,331948.39615245,2025-12-30,59,rank_drop_below_50,22.25,22.238875,464188.25726625,7,132239.86111379997,0.39837475537332534
000002,万  科Ａ,2025-12-10,2025-12-22,1,5.25,gap_down_open,4.88,4.88244,68200,333082.3027224,2025-12-23,188,rank_drop_below_50,4.79,4.787605,326090.19194070005,2,-6992.110781699943,-0.020992141355307494
002229,鸿博股份,2025-12-09,2025-12-22,10,18.36,gap_down_open,15.87,15.877934999999999,20900,331948.39615245,2025-12-23,820,rank_drop_below_50,15.76,15.752120000000001,328791.3228996,2,-3157.0732528499793,-0.00951073507039952
002217,合力泰,2025-12-09,2025-12-19,5,3.78,gap_down_open,3.06,3.06153,108800,333194.39233919996,2025-12-22,723,rank_drop_below_50,3.12,3.11844,338845.1998464,2,5650.80750720005,0.016959491627480307
300394,天孚通信,2025-12-08,2025-12-19,8,236.9,gap_down_open,222.46,222.57122999999999,1400,311693.2019166,2025-12-22,124,rank_drop_below_50,223.0,222.88850000000002,311638.24293,2,-54.95898659998784,-0.00017632398224294048
600635,大众公用,2025-12-04,2025-12-19,8,8.22,gap_down_open,6.37,6.373184999999999,52300,333417.57077264995,2025-12-22,344,rank_drop_below_50,6.63,6.626685,346125.07718685,2,12707.506414200063,0.0381128876464193
002402,和而泰,2025-12-04,2025-12-18,1,53.42,gap_down_open,38.31,38.329155,8600,329729.6222199,2025-12-19,288,rank_drop_below_50,38.95,38.930525,334367.27173050004,2,4637.649510600022,0.014065007200072328
002050,三花智控,2025-12-04,2025-12-18,4,44.79,gap_down_open,43.28,43.30164,7600,329191.1917392,2025-12-19,137,rank_drop_below_50,43.47,43.448265,329777.5451418,2,586.3534026000416,0.0017811940820839976
002512,达华智能,2025-12-04,2025-12-18,10,6.33,gap_down_open,5.81,5.812904999999999,57300,333179.3803369499,2025-12-19,298,rank_drop_below_50,6.03,6.026985000000001,344897.29038735,2,11717.910050400125,0.035169973719711006
002031,巨轮智能,2025-12-04,2025-12-17,3,7.8,gap_down_open,7.38,7.38369,45100,333104.3203257,2025-12-18,426,rank_drop_below_50,7.21,7.2063950000000006,324585.90356115,2,-8518.41676454997,-0.025572819818791007
001280,中国铀业,2025-12-03,2025-12-17,2,67.99,gap_down_open,66.02,66.05300999999999,5000,330364.1295149999,2025-12-18,254,rank_drop_below_50,64.0,63.968,319424.208,2,-10939.921514999936,-0.03311473776242169
000078,海王生物,2025-12-03,2025-12-17,6,4.52,gap_down_open,4.18,4.18209,79700,333412.5667719,2025-12-18,76,rank_drop_below_50,4.32,4.31784,343684.4765976001,2,10271.909825700102,0.0308084063091944
603122,合富中国,2025-12-02,2025-12-16,3,25.56,rise2_trigger,26.071199999999997,26.084235599999996,12700,331369.17305763596,2025-12-17,67,rank_drop_below_50,27.45,27.436275000000002,347987.71959975,2,16618.546542114054,0.05015115434175751
000572,海马汽车,2025-12-02,2025-12-16,9,9.83,gap_down_open,9.58,9.58479,34700,332691.9906639,2025-12-17,123,rank_drop_below_50,9.1,9.09545,315201.81925049995,2,-17490.171413400036,-0.05257166359339673
603327,福蓉科技,2025-12-01,2025-12-16,3,10.99,rise2_trigger,11.2098,11.2154049,29700,333197.454787659,2025-12-17,466,rank_drop_below_50,11.0,10.9945,326112.152355,2,-7085.302432658966,-0.02126457549675554
000888,峨眉山Ａ,2025-12-01,2025-12-15,6,14.08,gap_down_open,12.52,12.526259999999999,26600,333298.47555479995,2025-12-16,1212,rank_drop_below_50,12.53,12.523735,332698.2802437,2,-600.1953110999311,-0.0018007742462693886
002632,道明光学,2025-12-01,2025-12-15,8,13.68,gap_down_open,12.87,12.876434999999999,25800,332311.6866069,2025-12-16,517,rank_drop_below_50,12.25,12.243875000000001,315481.31543250004,2,-16830.371174399974,-0.050646341530290656
600977,中国电影,2025-12-01,2025-12-15,9,19.02,gap_down_open,17.84,17.84892,18600,332089.5089736,2025-12-16,163,rank_drop_below_50,15.86,15.85207,294465.1989474,2,-37624.31002620002,-0.11329568989543427
000063,中兴通讯,2025-12-01,2025-12-12,1,46.3,gap_down_open,36.9,36.91845,9000,332365.72981499997,2025-12-15,88,rank_drop_below_50,36.84,36.821580000000004,330963.407514,2,-1402.3223009999492,-0.004219214483335884
000678,襄阳轴承,2025-11-28,2025-12-12,1,14.76,rise2_trigger,15.0552,15.062727599999999,22100,332986.14584398794,2025-12-15,202,rank_drop_below_50,15.39,15.382305,339507.00687735004,2,6520.861033362104,0.019582979997063557
002728,特一药业,2025-11-27,2025-12-12,2,14.97,gap_down_open,11.93,11.935965,27900,333113.32752705,2025-12-15,928,rank_drop_below_50,11.59,11.584205,322779.16038465005,2,-10334.167142399936,-0.03102297713249184
002291,遥望科技,2025-11-26,2025-12-11,10,8.44,gap_down_open,6.72,6.72336,49500,332906.16189600003,2025-12-12,986,rank_drop_below_50,6.38,6.37681,315241.7472764999,2,-17664.41461950011,-0.05306124260030511
002759,天际股份,2025-11-25,2025-12-11,7,43.32,gap_down_open,35.3,35.31764999999999,9400,332085.5057729999,2025-12-12,208,rank_drop_below_50,32.27,32.253865000000005,302792.18876970006,2,-29293.31700329983,-0.08821016423199014
601360,三六零,2025-11-24,2025-12-11,3,13.87,gap_down_open,12.08,12.086039999999999,27500,332465.80983,2025-12-12,316,rank_drop_below_50,11.59,11.584205,318151.50217125,2,-14314.307658749982,-0.04305497658862825
002400,省广集团,2025-11-24,2025-12-10,5,9.73,gap_down_open,8.67,8.674335,38400,333194.39233919996,2025-12-11,412,rank_drop_below_50,8.39,8.385805000000001,321596.2926144001,2,-11598.09972479986,-0.034808808285683016
002279,久其软件,2025-11-24,2025-12-10,6,9.83,gap_down_open,8.33,8.334165,39900,332632.94345505006,2025-12-11,686,rank_drop_below_50,8.0,7.996,318625.64748000004,2,-14007.295975050016,-0.0421103689537079
300589,江龙船艇,2025-11-24,2025-12-10,7,26.9,gap_down_open,22.81,22.821405,14600,333292.47075389995,2025-12-11,301,rank_drop_below_50,22.81,22.798595,332426.7696669,2,-865.7010869999649,-0.0025974216730482056
301171,易点天下,2025-11-21,2025-12-09,4,39.97,gap_down_open,37.8,37.81889999999999,8800,332906.161896,2025-12-10,477,rank_drop_below_50,36.99,36.971505,324926.2899828,2,-7979.871913199953,-0.023970334065768564
601566,九牧王,2025-11-20,2025-12-09,3,18.41,gap_down_open,14.0,14.007,23700,332065.48977,2025-12-10,208,rank_drop_below_50,14.41,14.402795000000001,340902.49138605,2,8837.001616050024,0.02661222526366963
920091,大鹏工业,2025-11-21,2025-12-09,1,118.0,gap_down_open,50.52,50.54526,6500,328642.753257,2025-12-10,1679,rank_drop_below_50,54.19,54.162905,351601.20595275,2,22958.45269574999,0.0698583871642421
300094,国联水产,2025-11-19,2025-12-08,2,5.38,gap_down_open,4.1,4.102049999999999,81200,333186.38593799993,2025-12-09,622,rank_drop_below_50,4.1,4.09795,332320.96039799997,2,-865.4255399999674,-0.002597421673048213
002407,多氟多,2025-11-19,2025-12-08,5,38.02,gap_down_open,29.64,29.654819999999997,11200,332233.6241952,2025-12-09,216,rank_drop_below_50,31.59,31.574205000000003,353171.3755752,2,20937.75138000003,0.0630211690063565
002213,大为股份,2025-11-19,2025-12-08,6,33.31,gap_down_open,26.65,26.663324999999997,12500,333391.5499687499,2025-12-09,591,rank_drop_below_50,27.54,27.52623,343630.57376249996,2,10239.023793750035,0.03071170758439972
000798,中水渔业,2025-11-19,2025-12-05,7,12.47,gap_down_open,11.07,11.075535,30000,332365.72981499997,2025-12-08,447,rank_drop_below_50,11.65,11.644175,348871.12717500003,2,16505.39736000006,0.04966034665844528
600756,浪潮软件,2025-11-18,2025-12-05,4,21.66,gap_down_open,18.85,18.859425,17600,332025.457764,2025-12-08,482,rank_drop_below_50,19.58,19.57021,343987.9295952,2,11962.471831200004,0.03602877897303524
300058,蓝色光标,2025-11-18,2025-12-05,6,9.69,gap_down_open,9.2,9.2046,36200,333306.481956,2025-12-08,106,rank_drop_below_50,9.57,9.565215,345810.6439821,2,12504.162026100035,0.03751550810749225
002131,利欧股份,2025-11-18,2025-12-04,5,5.48,gap_down_open,4.93,4.932465,67500,333041.26991624996,2025-12-05,230,rank_drop_below_50,4.98,4.9775100000000005,335545.1484975,2,2503.878581250028,0.007518223137569947
000681,视觉中国,2025-11-18,2025-12-04,7,23.66,gap_down_open,22.88,22.89144,14500,332025.457764,2025-12-05,525,rank_drop_below_50,22.5,22.48875,325662.9620625,2,-6362.495701499982,-0.019162674285121754
601606,长城军工,2025-11-17,2025-12-04,6,53.55,gap_down_open,49.0,49.024499999999996,6700,328562.68924499996,2025-12-05,225,rank_drop_below_50,49.86,49.83507,333460.90554029995,2,4898.216295299993,0.01490801133432266
600410,华胜天成,2025-11-17,2025-12-03,2,19.42,gap_down_open,18.93,18.939465,17500,331540.0696912499,2025-12-04,232,rank_drop_below_50,18.14,18.130930000000003,316878.7963425,2,-14661.273348749906,-0.04422172367401433
600157,永泰能源,2025-11-14,2025-12-03,6,1.79,gap_down_open,1.65,1.6508249999999998,201900,333401.55797024997,2025-12-04,368,rank_drop_below_50,1.61,1.6091950000000002,324474.1050883501,2,-8927.452881899895,-0.026776878117337737
002309,中利集团,2025-11-12,2025-12-02,6,3.84,gap_down_open,3.17,3.171585,105000,333116.3299275,2025-12-03,973,rank_drop_below_50,3.25,3.2483750000000002,340635.97181250004,2,7519.641885000048,0.022573621313120962
002506,协鑫集成,2025-11-11,2025-12-02,6,2.96,gap_down_open,2.61,2.6113049999999998,127600,333302.4787554,2025-12-03,1007,rank_drop_below_50,2.53,2.5287349999999997,322247.11943819997,2,-11055.359317200026,-0.03316914821180553
600408,安泰集团,2025-11-12,2025-12-02,4,5.17,gap_down_open,4.55,4.552275,73200,333326.49795899994,2025-12-04,75,rank_drop_below_50,5.2,5.1974,379955.095416,3,46628.597457000054,0.13988866094508784
002451,摩恩电气,2025-11-11,2025-12-01,10,12.55,gap_down_open,10.66,10.665329999999999,31200,332858.12348879996,2025-12-02,180,rank_drop_below_50,11.02,11.01449,343205.3402856,2,10347.216796800029,0.031085967463696865
601888,中国中免,2025-11-10,2025-12-01,1,86.64,gap_down_open,78.77,78.80938499999999,4200,331098.71682509995,2025-12-02,194,rank_drop_below_50,83.17,83.128415,348685.4618541,2,17586.74502900004,0.05311631889618614
600745,闻泰科技,2025-11-07,2025-12-01,1,45.0,gap_down_open,40.8,40.82039999999999,8100,330744.43357199995,2025-12-02,178,rank_drop_below_50,40.0,39.980000000000004,323417.0106000001,2,-7327.422971999855,-0.02215433497357634
002709,天赐材料,2025-11-07,2025-11-28,7,43.71,gap_down_open,40.48,40.50024,8200,332201.5985904,2025-12-01,124,rank_drop_below_50,42.39,42.368805,346972.54953869997,2,14770.950948299957,0.04446381658299103
002196,方正电机,2025-11-07,2025-11-28,9,14.11,gap_down_open,13.49,13.496744999999999,24600,332119.53297809995,2025-12-01,450,rank_drop_below_50,13.13,13.123435,322416.8135487,2,-9702.719429399935,-0.029214540145820735
601600,中国铝业,2025-11-06,2025-11-28,4,10.86,gap_down_open,10.39,10.395195,32000,332746.033872,2025-12-01,251,rank_drop_below_50,10.69,10.684655,341464.478352,2,8718.444480000006,0.026201497816661572
601179,中国西电,2025-11-06,2025-11-27,5,9.78,gap_down_open,8.24,8.24412,40400,333162.36673440004,2025-11-28,240,rank_drop_below_50,8.33,8.325835,335926.46114579996,2,2764.094411399914,0.008296538527124446
002050,三花智控,2025-11-06,2025-11-27,3,50.36,gap_down_open,43.2,43.2216,7700,332906.16189600003,2025-11-28,101,rank_drop_below_50,42.98,42.95851,330350.5123149,2,-2555.649581100035,-0.007676786655269002
000559,万向钱潮,2025-11-06,2025-11-27,8,13.86,gap_down_open,11.81,11.815904999999999,28200,333308.48355629994,2025-11-28,229,rank_drop_below_50,12.53,12.523735,352710.20687490003,2,19401.723318600096,0.058209509435792395
603530,神马电力,2025-11-05,2025-11-26,8,48.75,gap_down_open,40.08,40.10003999999999,8300,332930.1810995999,2025-11-27,1849,rank_drop_below_50,39.5,39.480250000000005,327260.08310250007,2,-5670.09799709986,-0.01703089211789899
600550,保变电气,2025-11-05,2025-11-26,9,9.91,gap_down_open,9.68,9.68484,34400,333258.44354879996,2025-11-27,811,rank_drop_below_50,9.3,9.295350000000001,319344.351948,2,-13914.091600799933,-0.04175165511976729
000338,潍柴动力,2025-11-06,2025-11-26,10,18.03,gap_down_open,16.97,16.978485,19600,332878.1394918,2025-11-27,630,rank_drop_below_50,16.98,16.971510000000002,332209.1619252,2,-668.9775665999623,-0.002009677077687589
300062,中能电气,2025-11-05,2025-11-25,6,9.2,gap_down_open,8.26,8.26413,40300,333144.35233170004,2025-11-26,753,rank_drop_below_50,8.26,8.25587,332279.03597070003,2,-865.3163610000047,-0.002597421673048324
300591,万里马,2025-11-04,2025-11-25,5,12.31,gap_down_open,10.03,10.035015,33200,333262.44674939994,2025-11-26,410,rank_drop_below_50,10.23,10.224885,339024.8759634,2,5762.429214000062,0.01729096473426896
300444,双杰电气,2025-11-05,2025-11-25,4,9.89,gap_down_open,9.65,9.654825,34500,333191.38993875,2025-11-26,525,rank_drop_below_50,9.29,9.285355,319928.29932825,2,-13263.090610500018,-0.03980622252255122
601929,吉视传媒,2025-11-03,2025-11-24,10,4.07,gap_down_open,3.75,3.7518749999999996,88800,333266.4499499999,2025-11-25,246,rank_drop_below_50,3.94,3.9380300000000004,349242.4578168,2,15976.007866800064,0.047937642295517446
600667,太极实业,2025-11-03,2025-11-24,4,9.54,gap_down_open,7.67,7.6738349999999995,43400,333144.3523317,2025-11-25,672,rank_drop_below_50,7.9,7.896050000000001,342243.074859,2,9098.722527300008,0.027311651731801636
002611,东方精工,2025-11-03,2025-11-24,3,20.9,gap_down_open,17.29,17.298644999999997,19200,332233.6241951999,2025-11-25,489,rank_drop_below_50,17.35,17.341325,332520.600528,2,286.9763328000554,0.0008637787144369404
000777,中核科技,2025-11-03,2025-11-21,7,23.14,gap_down_open,21.01,21.020505,15800,332223.6161937,2025-11-24,1237,rank_drop_below_50,20.54,20.52973,323948.05334579997,2,-8275.56284790003,-0.024909616428577544
600635,大众公用,2025-10-31,2025-11-20,7,7.47,gap_down_open,6.74,6.74337,49400,333222.4147434,2025-11-24,143,rank_drop_below_50,6.96,6.95652,343205.3402856,3,9982.925542199984,0.02995874557204502
002402,和而泰,2025-10-31,2025-11-19,5,51.32,gap_down_open,51.25,51.275625,6500,333391.54996875,2025-11-24,60,rank_drop_below_50,46.98,46.95651,304820.53249049996,4,-28571.017478250025,-0.08569808527219148
603686,福龙马,2025-10-30,2025-11-19,10,28.13,gap_down_open,27.16,27.173579999999998,12200,331617.1313028,2025-11-21,131,rank_drop_below_50,25.37,25.357315000000003,308957.07598410005,3,-22660.055318699917,-0.06833198040667264
601012,隆基绿能,2025-10-29,2025-11-19,2,20.79,rise2_trigger,21.2058,21.2164029,15700,333197.454787659,2025-11-20,74,rank_drop_below_50,20.1,20.08995,315002.1791205,2,-18195.275667159003,-0.05460808720389097
600021,上海电力,2025-10-29,2025-11-18,7,30.14,gap_down_open,25.8,25.8129,12900,333086.305923,2025-11-19,241,rank_drop_below_50,25.32,25.30734,326040.28190819995,2,-7046.02401480003,-0.021153748711689364
300450,先导智能,2025-10-29,2025-11-18,5,62.75,gap_down_open,54.97,54.997485,6000,330083.90547299996,2025-11-19,305,rank_drop_below_50,50.89,50.864555,304790.58647100005,2,-25293.319001999917,-0.07662693812882326
300274,阳光电源,2025-10-29,2025-11-18,4,191.49,gap_down_open,183.69,183.78184499999998,1800,330906.56319629995,2025-11-19,146,rank_drop_below_50,176.5,176.41175,317128.346505,2,-13778.216691299924,-0.04163778608140337
002217,合力泰,2025-10-28,2025-11-17,10,3.36,gap_down_open,3.28,3.2816399999999994,101500,333186.38593799993,2025-11-18,622,rank_drop_below_50,3.24,3.2383800000000003,328268.26575900003,2,-4918.120178999903,-0.01476086775020597
603986,兆易创新,2025-10-27,2025-11-17,6,243.19,gap_down_open,207.81,207.913905,1600,332762.04667440004,2025-11-18,232,rank_drop_below_50,202.5,202.39875,323417.01060000004,2,-9345.036074400006,-0.028083238962476713
601138,工业富联,2025-10-27,2025-11-17,2,72.76,gap_down_open,64.39,64.422195,5100,328651.76045835,2025-11-18,96,rank_drop_below_50,64.72,64.68764,329478.0849468,2,826.3244884500164,0.0025142859034060655
300655,晶瑞电材,2025-10-27,2025-11-14,10,17.51,gap_down_open,15.9,15.90795,20900,332575.8978465,2025-11-17,470,rank_drop_below_50,15.81,15.802095000000001,329834.44257885,2,-2741.455267649959,-0.008243096644710178
300476,胜宏科技,2025-10-27,2025-11-14,3,340.32,gap_down_open,282.18,282.32108999999997,1100,310646.3649597,2025-11-17,287,rank_drop_below_50,281.18,281.03941000000003,308741.46464370005,2,-1904.9003159999265,-0.006132054100317731
600601,方正科技,2025-10-24,2025-11-13,8,11.72,gap_down_open,11.19,11.195594999999999,29700,332608.92425145,2025-11-14,387,rank_drop_below_50,10.81,10.804595,320479.30608705006,2,-12129.61816439993,-0.03646810797905718
300308,中际旭创,2025-10-24,2025-11-13,5,494.0,gap_down_open,489.28,489.5246399999999,600,293802.8984351999,2025-11-14,142,rank_drop_below_50,462.82,462.58859,277192.33489979996,2,-16610.563535399968,-0.05653641820372828
300059,东方财富,2025-10-24,2025-11-13,4,25.9,gap_down_open,24.59,24.602294999999998,13500,332230.62179475,2025-11-17,85,rank_drop_below_50,24.51,24.497745000000002,330289.6220752501,3,-1940.9997194999014,-0.005842326360569613
600871,石化油服,2025-10-22,2025-11-12,10,2.53,gap_down_open,2.35,2.351175,141700,333261.44594925,2025-11-13,233,rank_drop_below_50,2.63,2.628685,372000.43443615,2,38738.988486899994,0.11624203446803527
002490,山东墨龙,2025-10-22,2025-11-12,8,8.51,gap_down_open,7.47,7.473735,44600,333428.57957430003,2025-11-13,116,rank_drop_below_50,8.45,8.445775,376191.8789655,2,42763.29939119995,0.1282532512533789
002542,中化岩土,2025-10-21,2025-11-12,7,4.05,gap_down_open,3.73,3.731865,89300,333355.52116335003,2025-11-13,1395,rank_drop_below_50,3.74,3.7381300000000004,333381.0494883,2,25.528324949962553,7.657987742597858e-05
000852,石化机械,2025-10-21,2025-11-11,9,7.72,gap_down_open,7.22,7.223609999999999,46100,333108.32352629997,2025-11-12,263,rank_drop_below_50,7.5,7.496250000000001,345127.87473750004,2,12019.551211200072,0.03608301072744311
600460,士兰微,2025-10-20,2025-11-11,4,32.53,gap_down_open,30.18,30.195089999999997,11000,332245.633797,2025-11-12,533,rank_drop_below_50,28.86,28.845570000000002,316888.77834900003,2,-15356.855447999958,-0.046221391301662376
600172,黄河旋风,2025-10-20,2025-11-10,3,6.38,rise2_trigger,6.5076,6.5108538,51100,332804.440568754,2025-11-12,105,rank_drop_below_50,7.21,7.2063950000000006,367768.06368014996,3,34963.62311139598,0.10505756188722745
600121,郑州煤电,2025-10-20,2025-11-10,5,5.45,rise2_trigger,5.559,5.5617795,59900,333250.53722761496,2025-11-11,552,rank_drop_below_50,5.36,5.3573200000000005,320486.2934916,2,-12764.243736014934,-0.03830224503823311
002208,合肥城建,2025-10-17,2025-11-07,6,12.99,gap_down_open,11.7,11.705849999999998,28400,332545.873842,2025-11-11,192,rank_drop_below_50,11.63,11.624185,329697.6890898,3,-2848.1847521999734,-0.008564787526286404
300179,四方达,2025-10-20,2025-11-07,10,14.05,gap_down_open,13.7,13.70685,24300,333176.37793649995,2025-11-10,199,rank_drop_below_50,15.51,15.502245,376214.83758045,2,43038.459643950046,0.12917620363876078
002185,华天科技,2025-10-17,2025-11-07,4,12.96,gap_down_open,11.83,11.835915,28100,332688.98826345,2025-11-10,393,rank_drop_below_50,12.1,12.09395,339398.2030065,2,6709.214743050048,0.02016662702925758
000063,中兴通讯,2025-10-16,2025-11-06,7,54.03,gap_down_open,41.4,41.4207,8000,331465.00967999996,2025-11-07,149,rank_drop_below_50,41.72,41.69914,333159.448944,2,1694.4392640000442,0.005111970236725363
601212,白银有色,2025-10-16,2025-11-06,2,5.94,gap_down_open,5.03,5.032515,66200,333252.4387479,2025-11-07,576,rank_drop_below_50,5.04,5.03748,333047.65047120006,2,-204.7882766999537,-0.0006145139626566174
000158,常山北明,2025-10-16,2025-11-06,1,24.57,gap_down_open,23.79,23.801895,14000,333326.49795899994,2025-11-07,300,rank_drop_below_50,22.9,22.88855,320023.12838999997,2,-13303.369568999973,-0.0399109271253806
600580,卧龙电驱,2025-10-15,2025-11-05,6,47.3,gap_down_open,43.05,43.071524999999994,7700,331750.23772274994,2025-11-06,84,rank_drop_below_50,45.8,45.7771,352025.441229,2,20275.20350625005,0.0611158673025411
600268,国电南自,2025-10-15,2025-11-05,7,13.66,gap_down_open,11.8,11.8059,28200,333026.257914,2025-11-06,497,rank_drop_below_50,13.11,13.103445,369036.77670630004,2,36010.51879230002,0.10813116964968959
601611,中国核建,2025-10-15,2025-11-05,3,12.37,rise2_trigger,12.6174,12.6237087,26400,333365.889452904,2025-11-06,197,rank_drop_below_50,13.67,13.663165000000001,360238.63617720007,2,26872.74672429607,0.08061036709063929
002364,中恒电气,2025-10-15,2025-11-04,10,31.12,gap_down_open,26.2,26.213099999999997,12700,333006.24191099993,2025-11-05,318,rank_drop_below_50,25.81,25.797095,327197.19646154996,2,-5809.045449449972,-0.017444253945854
000981,山子高科,2025-10-14,2025-11-04,1,4.74,gap_down_open,3.76,3.7618799999999997,88600,333402.55877039995,2025-11-05,78,rank_drop_below_50,3.88,3.87806,343149.4410492,2,9746.882278800069,0.029234575507599295
600010,包钢股份,2025-10-13,2025-11-03,2,2.79,gap_down_open,2.75,2.751375,121100,333291.46995375,2025-11-05,95,rank_drop_below_50,2.72,2.71864,328799.3085048,3,-4492.161448950006,-0.013478177072978709
603690,至纯科技,2025-10-13,2025-11-03,3,36.75,gap_down_open,30.81,30.825404999999996,10800,333014.24831219995,2025-11-04,643,rank_drop_below_50,30.24,30.22488,326004.34668479994,2,-7009.901627400017,-0.02104985496244669
300127,银河磁体,2025-10-13,2025-11-03,10,38.74,gap_down_open,34.05,34.067024999999994,9700,330549.27754274994,2025-11-04,1728,rank_drop_below_50,33.07,33.053465,320201.80630635,2,-10347.471236399957,-0.031303868861312874
000831,中国稀土,2025-10-13,2025-10-31,7,60.14,gap_down_open,54.97,54.997485,6000,330083.90547299996,2025-11-03,237,rank_drop_below_50,49.94,49.91503,299100.84276599996,2,-30983.062707000005,-0.09386420298984963
603011,合锻智能,2025-10-10,2025-10-31,9,23.78,rise2_trigger,24.2556,24.2677278,13700,332567.61122125795,2025-11-03,249,rank_drop_below_50,23.57,23.558215,322327.97369085,2,-10239.637530407927,-0.030789641519226217
601899,紫金矿业,2025-10-09,2025-10-31,6,32.38,gap_down_open,31.11,31.125555,10700,333143.35153155,2025-11-03,132,rank_drop_below_50,30.0,29.985000000000003,320422.40865000006,2,-12720.942881549941,-0.03818459177728845
000021,深科技,2025-10-09,2025-10-30,9,30.66,gap_down_open,30.4,30.415199999999995,10900,331625.13770399994,2025-10-31,171,rank_drop_below_50,27.3,27.286350000000002,297034.56742050004,2,-34590.570283499896,-0.10430623722612532
603799,华友钴业,2025-09-30,2025-10-30,6,65.9,gap_down_open,62.5,62.53125,5300,331515.0496875,2025-10-31,104,rank_drop_below_50,64.81,64.777595,342874.93587045005,2,11359.886182950053,0.03426657762191598
600030,中信证券,2025-09-29,2025-10-30,9,30.41,gap_down_open,30.19,30.205095,11000,332355.7218135,2025-10-31,213,rank_drop_below_50,29.38,29.36531,322598.486067,2,-9757.235746499966,-0.029357808835844858
601127,赛力斯,2025-09-26,2025-10-29,2,156.91,rise2_trigger,160.0482,160.1282241,2000,320352.52513446007,2025-10-30,128,rank_drop_below_50,162.94,162.85853,325293.627822,2,4941.10268753994,0.015423954237495192
002670,国盛证券,2025-09-29,2025-10-29,8,22.13,gap_down_open,21.53,21.540765,15400,331827.29933430004,2025-10-30,444,rank_drop_below_50,20.67,20.659665000000004,317745.2345067001,2,-14082.06482759997,-0.04243793339442204
601218,吉鑫科技,2025-09-26,2025-10-29,10,5.66,rise2_trigger,5.7732,5.7760866,57700,333380.18087904603,2025-10-30,755,rank_drop_below_50,5.68,5.67716,327146.2882284,2,-6233.892650646041,-0.01869904993814784
002298,中电鑫龙,2025-09-25,2025-10-28,5,13.79,gap_down_open,11.91,11.915955,27900,332554.88104335,2025-10-29,222,rank_drop_below_50,12.18,12.173910000000001,339210.54128430004,2,6655.660240950063,0.020013719901114512
600556,天下秀,2025-09-25,2025-10-28,6,5.6,gap_down_open,5.55,5.552775,60000,333266.44995,2025-10-29,233,rank_drop_below_50,5.98,5.977010000000001,358154.39322,2,24887.943270000047,0.0746788141252562
601727,上海电气,2025-09-25,2025-10-28,1,9.76,gap_down_open,9.72,9.72486,34200,332689.9890636,2025-10-29,133,rank_drop_below_50,9.55,9.545225000000002,326022.31429650006,2,-6667.674767099961,-0.02004170545037142
002129,TCL中环,2025-09-25,2025-10-27,10,9.41,gap_down_open,8.82,8.82441,37700,332780.0610771,2025-10-28,286,rank_drop_below_50,8.98,8.975510000000002,337936.8372549001,2,5156.776177800086,0.015496049135604133
000988,华工科技,2025-09-25,2025-10-27,3,97.68,gap_down_open,84.0,84.042,3900,327862.12914,2025-10-28,150,rank_drop_below_50,86.63,86.586685,337249.07700705004,2,9386.947867050068,0.02863077810076003
000977,浪潮信息,2025-09-25,2025-10-27,2,76.05,gap_down_open,68.9,68.93445,4800,330984.625608,2025-10-28,177,rank_drop_below_50,68.17,68.13591500000001,326627.2238904001,2,-4357.401717599889,-0.013164967132825547
600126,杭钢股份,2025-09-24,2025-10-24,10,10.43,gap_down_open,8.86,8.864429999999999,37600,333402.55877039995,2025-10-27,699,rank_drop_below_50,9.1,9.09545,341544.334404,2,8141.775633600075,0.024420255392241807
002371,北方华创,2025-09-24,2025-10-24,9,460.68,gap_down_open,406.02,406.22300999999993,800,325075.9015223999,2025-10-27,192,rank_drop_below_50,429.1,428.88545000000005,342662.31913200003,2,17586.417609600117,0.054099419634735045
600895,张江高科,2025-09-23,2025-10-24,2,46.09,gap_down_open,44.87,44.89243499999999,7400,332303.68020569993,2025-10-27,182,rank_drop_below_50,46.04,46.016980000000004,340082.9686524,2,7779.288446700084,0.02341017843041826
002549,凯美特气,2025-09-23,2025-10-23,5,25.12,gap_down_open,25.0,25.0125,13300,332766.049875,2025-10-24,173,rank_drop_below_50,24.53,24.517735000000002,325661.96386185003,2,-7104.086013149994,-0.02134859014559498
603019,中科曙光,2025-09-22,2025-10-23,10,117.51,gap_down_open,108.5,108.55425,3000,325760.448825,2025-10-24,51,rank_drop_below_50,113.92,113.86304000000001,341145.05414400005,2,15384.605319000024,0.04722674399084188
300115,长盈精密,2025-09-22,2025-10-23,9,37.72,gap_down_open,36.2,36.2181,9200,333306.48195600003,2025-10-24,202,rank_drop_below_50,36.96,36.941520000000004,339420.16342080006,2,6113.681464800029,0.01834252196033529
002600,领益智造,2025-09-22,2025-10-22,8,15.29,gap_down_open,14.82,14.827409999999999,22400,332233.6241952,2025-10-23,189,rank_drop_below_50,14.59,14.582705,326227.9436304,2,-6005.680564799986,-0.018076678961523228
002065,东华软件,2025-09-22,2025-10-22,7,11.33,gap_down_open,9.98,9.98499,33300,332599.9170501,2025-10-23,218,rank_drop_below_50,10.19,10.184905,338716.43196255004,2,6116.514912450046,0.018390007329823557
601138,工业富联,2025-09-18,2025-10-21,8,64.36,gap_down_open,62.94,62.97147,5200,327549.8794932,2025-10-22,65,rank_drop_below_50,65.46,65.42727,339779.5156548,2,12229.636161600007,0.03733671397016618
600699,均胜电子,2025-09-17,2025-10-21,9,33.53,gap_down_open,32.5,32.51625,10200,331765.249725,2025-10-22,164,rank_drop_below_50,32.94,32.92353,335383.4399922,2,3618.1902671999997,0.010905874771993496
002097,山河智能,2025-09-19,2025-10-21,9,15.84,gap_down_open,12.8,12.8064,26000,333066.28992,2025-10-23,92,rank_drop_below_50,13.53,13.523235,351147.024657,3,18080.734736999962,0.05428569412216054
600143,金发科技,2025-09-17,2025-10-20,4,21.89,gap_down_open,19.16,19.16958,17300,331733.2241202,2025-10-21,247,rank_drop_below_50,19.6,19.590200000000003,338469.8764020001,2,6736.65228180011,0.020307439207111665
000737,北方铜业,2025-09-17,2025-10-20,8,15.25,rise2_trigger,15.555,15.5627775,21400,333143.35153155,2025-10-21,381,rank_drop_below_50,15.92,15.912040000000001,340074.9830472,2,6931.63151565002,0.020806753260371062
002195,岩山科技,2025-09-16,2025-10-20,10,8.82,gap_down_open,7.14,7.1435699999999995,46600,332990.22910859995,2025-10-21,215,rank_drop_below_50,7.35,7.346325,341893.7046315,2,8903.475522900058,0.026737948277744564
600977,中国电影,2025-09-15,2025-10-17,10,21.18,gap_down_open,13.5,13.506749999999998,24600,332365.72981499997,2025-10-20,915,rank_drop_below_50,13.45,13.443275,330274.6490655,2,-2091.080749499961,-0.0062915052964813475
600171,上海贝岭,2025-09-15,2025-10-16,3,38.93,gap_down_open,35.4,35.417699999999996,9400,333026.25791399996,2025-10-17,509,rank_drop_below_50,33.91,33.893045,318180.4499901,2,-14845.807923899963,-0.04457849064782668
300750,宁德时代,2025-09-15,2025-10-15,6,354.7,rise2_trigger,361.794,361.97489699999994,900,325875.14052218996,2025-10-16,146,rank_drop_below_50,368.5,368.31575000000004,331053.24557250005,2,5178.105050310085,0.015889843705207362
300661,圣邦股份,2025-09-15,2025-10-14,8,87.42,gap_down_open,87.21,87.253605,3800,331663.16810969997,2025-10-15,541,rank_drop_below_50,81.7,81.65915000000001,309901.37379900005,2,-21761.794310699916,-0.06561414230808423
600111,北方稀土,2025-09-12,2025-10-13,10,53.59,rise2_trigger,54.66180000000001,54.6891309,6000,328233.22583562,2025-10-20,78,rank_drop_below_50,52.22,52.19389,312756.227658,6,-15476.99817762,-0.047152442103380834
600103,青山纸业,2025-09-12,2025-10-13,5,4.18,gap_down_open,3.39,3.391695,98200,333164.36833469995,2025-10-14,121,rank_drop_below_50,3.63,3.628185,355824.5929029,2,22660.224568200065,0.06801515024390423
300252,金信诺,2025-09-11,2025-10-10,8,14.4,gap_down_open,14.18,14.18709,23400,332077.4993718,2025-10-13,1010,rank_drop_below_50,13.73,13.723135000000001,320703.90123330004,2,-11373.598138499947,-0.0342498307172744
600050,中国联通,2025-09-10,2025-10-10,8,5.65,gap_down_open,5.45,5.452725,61100,333261.44594925,2025-10-13,381,rank_drop_below_50,5.42,5.41729,330566.1236553,2,-2695.322293950012,-0.008087711095031567
002467,二六三,2025-09-10,2025-10-09,5,7.32,gap_down_open,6.4,6.4032,52000,333066.28992,2025-10-10,978,rank_drop_below_50,6.34,6.33683,329086.790292,2,-3979.4996280000196,-0.01194807084486354
002131,利欧股份,2025-09-10,2025-10-09,1,5.96,gap_down_open,5.71,5.712854999999999,58300,333159.36433395,2025-10-10,113,rank_drop_below_50,5.8,5.7971,337531.567791,2,4372.2034570500255,0.013123459596553456
600118,中国卫星,2025-09-08,2025-09-30,4,36.21,gap_down_open,35.76,35.777879999999996,9300,332834.1042852,2025-10-09,490,rank_drop_below_50,37.29,37.271355,346172.99081805,2,13338.886532849981,0.04007668192986651
002617,露笑科技,2025-09-08,2025-09-29,6,9.73,gap_down_open,9.39,9.394695,35400,332671.9746609,2025-09-30,258,rank_drop_below_50,9.28,9.27536,327920.89193279995,2,-4751.0827281000675,-0.014281583932469671
002176,江特电机,2025-09-08,2025-09-26,10,9.91,gap_down_open,9.68,9.68484,34400,333258.44354879996,2025-09-29,402,rank_drop_below_50,9.8,9.795100000000001,336513.4031280001,2,3254.9595792001346,0.009767073099600256
002407,多氟多,2025-09-08,2025-09-26,8,16.71,gap_down_open,16.55,16.558275,20100,332921.17389825,2025-10-09,137,rank_drop_below_50,20.37,20.359815,408700.27953405003,4,75779.10563580005,0.2276187625691848
300476,胜宏科技,2025-09-05,2025-09-25,3,295.8,rise2_trigger,301.716,301.866858,1100,332153.15986313997,2025-09-26,55,rank_drop_below_50,285.4,285.2573,313375.11206099996,2,-18778.047802140005,-0.05653430426456666
300014,亿纬锂能,2025-09-05,2025-09-25,9,77.76,gap_down_open,76.04,76.07802,4300,327233.62664579996,2025-09-26,157,rank_drop_below_50,77.27,77.231365,331663.14616964996,2,4429.519523850002,0.013536260222561252
002074,国轩高科,2025-09-05,2025-09-24,8,44.03,gap_down_open,43.88,43.90194,7500,329363.32936500007,2025-09-25,64,rank_drop_below_50,46.24,46.21688,346175.98542000004,2,16812.65605499997,0.05104592574836467
002115,三维通信,2025-09-04,2025-09-24,7,12.0,gap_down_open,10.95,10.955474999999998,30400,333146.35393199994,2025-09-25,363,rank_drop_below_50,11.01,11.004495,334101.7503576,2,955.3964256000472,0.0028677979342228
000564,供销大集,2025-09-04,2025-09-23,9,2.77,gap_down_open,2.71,2.7113549999999997,122900,333325.49715884996,2025-09-24,251,rank_drop_below_50,2.63,2.628685,322645.40149754996,2,-10680.095661300002,-0.03204104022144542
002547,春兴精工,2025-09-03,2025-09-23,8,5.56,rise2_trigger,5.6712,5.6740356,58700,333165.809486916,2025-09-24,479,rank_drop_below_50,5.52,5.51724,323440.9674156,2,-9724.842071315972,-0.02918919587304736
601099,太平洋,2025-09-02,2025-09-22,9,4.73,gap_down_open,4.68,4.682339999999999,71100,333014.24831219995,2025-09-23,325,rank_drop_below_50,4.53,4.527735000000001,321503.4599539501,2,-11510.788358249876,-0.03456545302968101
600410,华胜天成,2025-09-02,2025-09-22,7,23.87,gap_down_open,21.51,21.520755,15400,331519.05288810004,2025-09-23,99,rank_drop_below_50,20.18,20.16991,310212.8124018,2,-21306.240486300027,-0.06426852484249727
603881,数据港,2025-09-01,2025-09-19,6,36.64,gap_down_open,35.78,35.79789,9300,333020.2531131,2025-09-22,120,rank_drop_below_50,37.15,37.131425,344873.33357175003,2,11853.080458650016,0.03559267146020841
300324,旋极信息,2025-09-01,2025-09-18,8,7.72,gap_down_open,7.42,7.42371,44900,333424.5763737,2025-09-19,186,rank_drop_below_50,7.5,7.496250000000001,336144.0688875001,2,2719.492513800098,0.00815624493964149
300308,中际旭创,2025-09-01,2025-09-17,10,405.7,gap_down_open,404.6,404.8023,800,323938.99255200004,2025-09-18,72,rank_drop_below_50,409.0,408.7955,326611.25268000003,2,2672.2601279999944,0.008249269737328802
601606,长城军工,2025-08-29,2025-09-16,6,69.17,gap_down_open,48.98,49.00449,6800,333330.5011596,2025-09-17,227,rank_drop_below_50,47.07,47.046465000000005,319500.07124940003,2,-13830.42991019995,-0.04149164226521798
601138,工业富联,2025-08-29,2025-09-04,1,53.83,rise2_trigger,54.9066,54.934053299999995,6000,329703.20109594,2025-09-16,58,rank_drop_below_50,59.73,59.700135,357735.148947,9,28031.94785105996,0.08502176429552763
300750,宁德时代,2025-08-29,2025-09-03,7,306.18,gap_down_open,303.5,303.65175,1000,303742.845525,2025-09-04,100,rank_drop_below_50,304.03,303.87798499999997,303482.9436195,2,-259.901905500039,-0.0008556642875021969
300476,胜宏科技,2025-08-28,2025-09-02,10,259.0,rise2_trigger,264.18,264.31209,1200,317269.66035240004,2025-09-03,89,rank_drop_below_50,270.31,270.174845,323788.3412418,2,6518.680889399955,0.020546184221206274
002611,东方精工,2025-08-25,2025-09-01,10,20.22,gap_down_open,18.7,18.709349999999997,17800,333126.3379289999,2025-09-02,239,rank_drop_below_50,17.89,17.881055,317869.0113873,2,-15257.326541699935,-0.04580042105512464
300418,昆仑万维,2025-08-22,2025-08-29,9,44.38,gap_down_open,41.11,41.130554999999994,8100,333257.44274865,2025-09-01,359,rank_drop_below_50,41.67,41.649165,336919.6707925501,2,3662.2280439001042,0.01098918605896594
601929,吉视传媒,2025-08-21,2025-08-28,1,3.96,rise2_trigger,4.0392,4.0412196,82400,333096.393988512,2025-09-22,59,rank_drop_below_50,4.3,4.29785,353682.45430800004,18,20586.060319488053,0.06180211101354053
603123,翠微股份,2025-08-21,2025-08-28,10,15.37,gap_down_open,14.03,14.037014999999998,23700,332777.05867665,2025-08-29,693,rank_drop_below_50,14.13,14.122935000000002,334278.43187265005,2,1501.3731960000587,0.004511648735554515
300766,每日互动,2025-08-21,2025-08-27,9,47.98,rise2_trigger,48.9396,48.9640698,6800,333055.561342392,2025-08-28,424,rank_drop_below_50,45.1,45.077450000000006,306128.17534200003,2,-26927.38600039197,-0.08084953120692596
300352,北信源,2025-08-21,2025-08-27,3,7.57,gap_down_open,7.13,7.133565,46700,333237.42674565,2025-08-28,587,rank_drop_below_50,6.74,6.736630000000001,314191.6401927,2,-19045.786552949983,-0.05715380393777633
002177,御银股份,2025-08-21,2025-08-26,4,9.09,rise2_trigger,9.2718,9.276435900000001,35900,333123.95602464303,2025-08-27,91,rank_drop_below_50,8.41,8.405795000000001,301375.74204735004,2,-31748.213977292995,-0.09530450573462931
600703,三安光电,2025-08-20,2025-08-26,4,14.43,rise2_trigger,14.7186,14.7259593,22600,332906.52218405396,2025-08-27,131,rank_drop_below_50,15.35,15.342325,346285.7874915,2,13379.265307446069,0.04018925558943864
000536,华映科技,2025-08-20,2025-08-25,9,5.57,rise2_trigger,5.6814,5.684240699999999,58600,333196.43397150596,2025-08-26,75,rank_drop_below_50,5.93,5.927035,346872.7294737,2,13676.295502194029,0.041045743915025176
601138,工业富联,2025-08-19,2025-08-22,2,48.91,gap_down_open,44.5,44.52225,7400,329563.48939500004,2025-08-26,51,rank_drop_below_50,45.48,45.45726,335946.4251588,3,6382.935763799935,0.019367848591230426
600839,四川长虹,2025-08-19,2025-08-21,1,11.67,rise2_trigger,11.9034,11.909351699999998,27900,332370.593703729,2025-08-25,67,rank_drop_below_50,12.0,11.994,334197.57761999994,3,1826.983916270954,0.005496827790666417
002600,领益智造,2025-08-18,2025-08-19,10,11.11,rise2_trigger,11.3322,11.3378661,29300,332299.136573019,2025-08-22,56,rank_drop_below_50,12.31,12.303845,360034.00504395005,4,27734.868470931076,0.08346355863863839
002837,英维克,2025-08-18,2025-08-19,9,70.2,gap_down_open,69.0,69.0345,4800,331465.00967999996,2025-08-21,56,rank_drop_below_50,64.6,64.5677,309522.05755200004,3,-21942.952127999917,-0.06619990492867978
300803,指南针,2025-08-15,2025-08-18,3,109.87,rise2_trigger,112.0674,112.1234337,2900,325255.505117319,2025-08-19,95,rank_drop_below_50,126.55,126.486725,366334.64754675,2,41079.14242943103,0.12629806961949458
300059,东方财富,2025-08-15,2025-08-18,1,26.76,rise2_trigger,27.2952,27.3088476,12200,333267.89110221603,2025-10-20,51,rank_drop_below_50,25.02,25.00749,304694.75920860004,40,-28573.131893615995,-0.08573622799098993
601162,天风证券,2025-08-15,2025-08-18,4,5.54,rise2_trigger,5.6508,5.6536254,58900,333098.435620818,2025-08-19,96,rank_drop_below_50,5.63,5.627185,331010.32294455,2,-2088.112676267978,-0.006268755577840591
000901,航天科技,2025-08-11,2025-08-12,5,18.65,rise2_trigger,19.023,19.0325115,17500,333168.871935375,2025-08-18,104,rank_drop_below_50,20.7,20.68965,361598.1854625,5,28429.31352712505,0.08533004107490422
002046,国机精工,2025-08-08,2025-08-11,9,31.05,rise2_trigger,31.671000000000003,31.6868355,10500,332811.58628182503,2025-08-12,97,rank_drop_below_50,31.35,31.334325000000003,328582.69896375004,2,-4228.887318074994,-0.012706550770422908
002017,东信和平,2025-08-05,2025-08-06,4,27.16,rise2_trigger,27.7032,27.717051599999998,12000,332704.40058575995,2025-08-11,113,rank_drop_below_50,29.16,29.14542,349290.371448,4,16585.970862240065,0.04985197320215415
000558,天府文旅,2025-07-30,2025-07-31,10,6.59,rise2_trigger,6.7218,6.7251609,49500,332995.333189365,2025-08-06,51,rank_drop_below_50,6.62,6.61669,327100.3709985,5,-5894.962190865015,-0.01770283725721981
002017,东信和平,2025-07-28,2025-07-29,7,27.26,gap_down_open,26.89,26.903444999999998,12300,331011.64721205,2025-07-31,67,rank_drop_below_50,24.85,24.837575,305105.01967575,3,-25906.627536299988,-0.07826500292209929
300781,因赛集团,2025-07-25,2025-07-28,10,44.95,gap_down_open,44.88,44.90244,7400,332377.7394168,2025-07-29,146,rank_drop_below_50,45.7,45.677150000000005,337571.49581700005,2,5193.756400200073,0.01562606572062616
002097,山河智能,2025-07-25,2025-07-28,4,11.01,rise2_trigger,11.2302,11.2358151,29600,332679.900998088,2025-08-18,59,rank_drop_below_50,18.8,18.7906,555478.697712,16,222798.796713912,0.6697092191186881
000657,中钨高新,2025-07-24,2025-07-25,8,17.8,rise2_trigger,18.156000000000002,18.165078,18300,332520.65367822006,2025-07-28,66,rank_drop_below_50,18.01,18.000995000000003,328989.96482895006,2,-3530.6888492699945,-0.010617953532253786
002497,雅化集团,2025-07-23,2025-07-24,8,15.5,gap_down_open,14.73,14.737365,22600,333164.3683347,2025-07-28,70,rank_drop_below_50,15.75,15.742125000000001,355309.5213675,3,22145.153032800008,0.06646915197891985
002266,浙富控股,2025-07-23,2025-07-24,10,4.47,rise2_trigger,4.5594,4.5616797,73000,333102.51888543,2025-07-25,92,rank_drop_below_50,4.0,3.998,291474.5898,2,-41627.92908542999,-0.12497032212400604
000528,柳    工,2025-07-22,2025-07-23,10,11.96,rise2_trigger,12.199200000000001,12.2052996,27300,333304.64048372395,2025-07-24,140,rank_drop_below_50,11.57,11.564215,315292.65550965007,2,-18011.984974073886,-0.054040606659220676
600580,卧龙电驱,2025-07-21,2025-07-22,8,23.11,rise2_trigger,23.5722,23.583986099999997,14100,332633.964271203,2025-07-24,89,rank_drop_below_50,23.97,23.958015,337368.86108505004,3,4734.896813847066,0.014234556065918188
300718,长盛轴承,2025-07-21,2025-07-22,9,95.11,rise2_trigger,97.0122,97.0607061,3400,330105.402660222,2025-07-23,173,rank_drop_below_50,93.36,93.31332,316852.8431256,2,-13252.559534622007,-0.04014644846107801
002167,东方锆业,2025-07-18,2025-07-21,6,11.86,rise2_trigger,12.097199999999999,12.103248599999999,27500,332939.18830095,2025-07-22,260,rank_drop_below_50,12.5,12.49375,343131.4734375,2,10192.285136550025,0.03061305335837194
000617,中油资本,2025-07-18,2025-07-21,8,9.74,gap_down_open,9.48,9.48474,35100,333014.2483122,2025-07-22,222,rank_drop_below_50,9.23,9.225385000000001,323390.05918245006,2,-9624.189129749953,-0.028900232282936134
000158,常山北明,2025-07-17,2025-07-18,1,24.26,gap_down_open,24.0,24.012,13800,331465.00968,2025-07-21,133,rank_drop_below_50,24.13,24.117935,332394.8272461,2,929.8175660999841,0.0028051756262226298
002017,东信和平,2025-07-16,2025-07-17,7,18.24,rise2_trigger,18.604799999999997,18.614102399999997,17900,333292.3906898879,2025-07-18,66,rank_drop_below_50,18.48,18.470760000000002,330196.78941480006,2,-3095.601275087858,-0.009287944644281308
000514,渝 开 发,2025-07-15,2025-07-16,7,7.01,gap_down_open,6.96,6.96348,47800,332954.2003032,2025-07-17,201,rank_drop_below_50,6.59,6.586705,314435.2011513,2,-18518.999151900003,-0.05562025988870523
000678,襄阳轴承,2025-07-14,2025-07-15,2,16.72,rise2_trigger,17.054399999999998,17.062927199999997,19500,332826.8985241199,2025-07-16,74,rank_drop_below_50,17.06,17.05147,332071.41023549996,2,-755.488288619963,-0.002269913555575235
000831,中国稀土,2025-07-11,2025-07-14,10,40.73,rise2_trigger,41.544599999999996,41.56537229999999,8000,332622.73529352,2025-07-15,203,rank_drop_below_50,37.77,37.751115000000006,301616.30840400007,2,-31006.426889519906,-0.09321800225759842
000617,中油资本,2025-07-08,2025-07-09,2,8.65,rise2_trigger,8.823,8.8274115,37700,332893.251574065,2025-07-14,94,rank_drop_below_50,9.21,9.205395000000001,346592.23509105,4,13698.983516984968,0.04115128033449215
000601,韶能股份,2025-07-07,2025-07-08,5,6.12,rise2_trigger,6.2424,6.2455212,53300,332986.145843988,2025-07-09,92,rank_drop_below_50,6.45,6.446775000000001,343166.41046025004,2,10180.264616262051,0.030572637160201102
000670,盈方微,2025-07-04,2025-07-07,3,8.33,gap_down_open,7.85,7.853924999999999,42400,333106.321926,2025-07-08,151,rank_drop_below_50,7.91,7.906045000000001,334780.52679960005,2,1674.2048736000434,0.0050260375243552724
001298,好上好,2025-07-03,2025-07-04,4,38.68,gap_down_open,36.75,36.768375,9000,331014.6496125,2025-07-07,86,rank_drop_below_50,33.02,33.003490000000006,296645.269167,2,-34369.38044549996,-0.10383039084745718
000737,北方铜业,2025-07-02,2025-07-03,6,12.31,rise2_trigger,12.5562,12.5624781,26500,333005.541350895,2025-07-04,64,rank_drop_below_50,11.34,11.334330000000001,299969.2773315,2,-33036.26401939499,-0.09920634919580505
002165,红 宝 丽,2025-07-01,2025-07-02,3,10.11,rise2_trigger,10.312199999999999,10.317356099999998,32300,333350.5772106089,2025-07-03,93,rank_drop_below_50,10.1,10.09495,325642.99804950005,2,-7707.579161108879,-0.023121541368261306
000519,中兵红箭,2025-06-30,2025-07-01,8,21.89,rise2_trigger,22.3278,22.3389639,14900,332950.417278633,2025-07-02,95,rank_drop_below_50,21.25,21.239375000000003,316055.28080625006,2,-16895.136472382932,-0.050743701150685334
002104,恒宝股份,2025-06-26,2025-06-27,6,17.41,rise2_trigger,17.758200000000002,17.7670791,18700,332344.05248375103,2025-07-21,77,rank_drop_below_50,21.44,21.429280000000002,400206.5902032,17,67862.53771944897,0.20419362769480254
300059,东方财富,2025-06-25,2025-06-26,1,24.0,gap_down_open,23.52,23.53176,14100,331897.3553448,2025-07-01,63,rank_drop_below_50,22.88,22.86856,322027.5152952,4,-9869.840049599996,-0.029737627886026578
002074,国轩高科,2025-06-24,2025-06-25,1,30.43,rise2_trigger,31.0386,31.054119299999996,10700,332378.760232953,2025-06-27,61,rank_drop_below_50,32.21,32.193895000000005,344026.85942055006,3,11648.09918759705,0.03504465561949052
002017,东信和平,2025-06-24,2025-06-25,10,17.77,gap_down_open,17.09,17.098544999999998,19400,331811.2865319,2025-06-26,108,rank_drop_below_50,16.53,16.521735000000003,320104.9808433,2,-11706.305688599998,-0.03528001054742472
002235,安妮股份,2025-06-20,2025-06-23,3,9.03,rise2_trigger,9.2106,9.2152053,36100,332768.712003399,2025-06-25,70,rank_drop_below_50,9.42,9.41529,339450.10944030003,3,6681.397436901054,0.020078202054142662
002017,东信和平,2025-06-17,2025-06-18,6,14.6,gap_down_open,14.32,14.32716,23200,332489.8290336,2025-06-23,59,rank_drop_below_50,16.15,16.141925,374005.81954200007,4,41515.99050840008,0.12486394133940455
300251,光线传媒,2025-06-16,2025-06-17,1,22.1,rise2_trigger,22.542,22.553271,14700,331632.54362510995,2025-06-18,101,rank_drop_below_50,20.4,20.3898,299340.410922,2,-32292.132703109935,-0.09737323228330146
300468,四方精创,2025-06-16,2025-06-17,2,36.68,gap_down_open,36.16,36.178079999999994,9200,332938.18750079995,2025-06-25,56,rank_drop_below_50,45.6,45.577200000000005,418765.13668800006,7,85826.94918720011,0.25778643727071376
002190,成飞集成,2025-06-13,2025-06-16,2,36.72,gap_down_open,36.36,36.37818,9100,331140.7504314,2025-06-17,96,rank_drop_below_50,37.0,36.981500000000004,336094.158855,2,4953.408423599962,0.014958619309604187
002734,利民股份,2025-06-11,2025-06-12,2,22.61,rise2_trigger,23.0622,23.0737311,14400,332361.406358352,2025-06-17,91,rank_drop_below_50,22.49,22.478755,323273.2697064,4,-9088.136651951994,-0.02734413947614955
002298,中电鑫龙,2025-06-10,2025-06-11,6,8.45,gap_down_open,8.21,8.214105,40500,332771.05387575,2025-06-12,99,rank_drop_below_50,7.23,7.2263850000000005,292288.12332975003,2,-40482.93054599996,-0.12165400227723974
600468,百利电气,2025-05-30,2025-06-03,1,7.01,gap_down_open,7.0,7.0035,47500,332766.049875,2025-06-16,76,rank_drop_below_50,8.13,8.125935000000002,385480.1360137501,10,52714.08613875008,0.15841185168544553
002639,雪人集团,2025-05-30,2025-06-03,2,11.67,gap_down_open,11.33,11.335664999999999,29400,333368.53156529996,2025-06-11,61,rank_drop_below_50,11.23,11.224385000000002,329567.92300530005,7,-3800.608559999906,-0.011400621834804002
002094,青岛金王,2025-05-29,2025-05-30,5,9.79,rise2_trigger,9.9858,9.990792899999999,33300,332793.211591071,2025-06-03,69,rank_drop_below_50,9.88,9.875060000000001,328412.0066526,2,-4381.204938470968,-0.013164946837480858
002342,巨力索具,2025-05-28,2025-05-29,10,5.59,rise2_trigger,5.7017999999999995,5.704650899999999,58400,333251.55804376793,2025-05-30,57,rank_drop_below_50,5.88,5.87706,342774.1176048,2,9522.559561032045,0.02857468879344711
002365,永安药业,2025-05-28,2025-05-29,4,24.53,gap_down_open,23.93,23.941965,13900,332893.15149405,2025-06-03,103,rank_drop_below_50,20.41,20.399795,283188.52620435,3,-49704.625289699994,-0.14931104790417532
600105,永鼎股份,2025-05-26,2025-05-27,6,8.28,gap_down_open,8.22,8.22411,40500,333176.37793649995,2025-05-29,136,rank_drop_below_50,8.65,8.645675,349694.64271125,3,16518.264774750045,0.04957813899369018
002882,金龙羽,2025-05-23,2025-05-26,8,23.04,gap_down_open,21.7,21.710849999999997,15300,332275.65780149994,2025-05-29,109,rank_drop_below_50,23.05,23.038475000000002,352030.43223225005,4,19754.774430750113,0.05945296914452738
002229,鸿博股份,2025-05-22,2025-05-23,10,15.98,gap_down_open,15.8,15.8079,21000,332065.48977000004,2025-05-27,58,rank_drop_below_50,16.64,16.631680000000003,348811.2351360001,3,16745.745366000046,0.050429044516485964
002040,南 京 港,2025-05-21,2025-05-22,6,13.09,gap_down_open,11.77,11.775884999999999,28300,333357.52276364993,2025-05-26,66,rank_drop_below_50,11.36,11.35432,320909.5305672,3,-12447.992196449952,-0.03734126679743646
002074,国轩高科,2025-05-21,2025-05-22,1,26.55,rise2_trigger,27.081,27.094540499999997,12300,333362.82700444496,2025-05-23,70,rank_drop_below_50,25.15,25.137425,308788.38007425005,2,-24574.446930194914,-0.073716818251806
002292,奥飞娱乐,2025-05-20,2025-05-21,9,9.77,rise2_trigger,9.965399999999999,9.970382699999998,33400,333110.6854146539,2025-05-22,62,rank_drop_below_50,10.14,10.13493,338066.60333939997,2,4955.917924746056,0.014877691235202987
002123,梦网科技,2025-05-20,2025-05-21,7,15.9,rise2_trigger,16.218,16.226108999999997,20500,332735.02507035,2025-05-22,97,rank_drop_below_50,15.5,15.49225,317178.2565375,2,-15556.768532849965,-0.046754225917637636
002389,航天彩虹,2025-05-19,2025-05-20,4,21.63,rise2_trigger,22.0626,22.0736313,15100,333411.826179789,2025-05-21,249,rank_drop_below_50,20.59,20.579705,310349.56589085003,2,-23062.260288938938,-0.06917049270022847
002165,红 宝 丽,2025-04-01,2025-04-02,6,6.66,gap_down_open,6.11,6.113055,54500,333261.44594925,2025-05-20,73,rank_drop_below_50,11.59,11.584205,630518.43157575,31,297256.9856265,0.8919633196087348
300687,赛意信息,2025-03-31,2025-04-01,9,32.58,gap_down_open,31.03,31.045514999999998,10700,332286.66660314996,2025-04-02,331,rank_drop_below_50,31.01,30.994495000000004,331209.9630745501,2,-1076.7035285998718,-0.003240285081573192
002342,巨力索具,2025-03-28,2025-03-31,9,6.65,gap_down_open,6.32,6.32316,52700,333330.5011596,2025-04-01,64,rank_drop_below_50,5.39,5.387305,283541.88923444995,2,-49788.611925150035,-0.1493671048762233
000837,秦川机床,2025-03-26,2025-03-27,7,13.65,gap_down_open,13.64,13.64682,24400,333082.3027224,2025-03-31,76,rank_drop_below_50,13.97,13.963015000000002,340254.6591642001,3,7172.356441800075,0.0215332858671201
002261,拓维信息,2025-03-20,2025-03-21,9,35.2,gap_down_open,34.43,34.447215,9600,330792.4719792,2025-03-24,58,rank_drop_below_50,30.41,30.394795000000002,291410.7049584,2,-39381.767020800035,-0.11905279096942789
000815,美利云,2025-03-18,2025-03-19,10,16.74,rise2_trigger,17.0748,17.083337399999998,19500,333225.01682379,2025-03-20,131,rank_drop_below_50,15.48,15.472260000000002,301316.8482090001,2,-31908.1686147899,-0.09575562158846855
000678,襄阳轴承,2025-03-17,2025-03-18,2,14.2,rise2_trigger,14.484,14.491242,23000,333398.55556979997,2025-03-27,74,rank_drop_below_50,12.44,12.43378,285605.169978,8,-47793.385591799975,-0.14335210754023198
002896,中大力德,2025-03-17,2025-03-18,5,83.23,rise2_trigger,84.89460000000001,84.9370473,3900,331353.860815341,2025-03-19,88,rank_drop_below_50,82.99,82.948505,323078.62057965,2,-8275.240235691017,-0.024974026906850185
002105,信隆健康,2025-03-14,2025-03-17,4,12.43,rise2_trigger,12.6786,12.684939299999998,26200,332445.113282898,2025-03-18,83,rank_drop_below_50,11.74,11.73413,307034.5415322,2,-25410.57175069797,-0.07643538958888096
000665,湖北广电,2025-03-12,2025-03-13,5,7.02,gap_down_open,7.0,7.0035,47500,332766.049875,2025-03-17,83,rank_drop_below_50,6.38,6.37681,302504.7069825,3,-30261.342892500048,-0.09093879289629274
000831,中国稀土,2025-03-11,2025-03-12,10,33.42,gap_down_open,33.1,33.11655,10000,331264.84964999993,2025-03-13,238,rank_drop_below_50,32.51,32.493745,324515.0313149999,2,-6749.818335000018,-0.02037589663416322
002031,巨轮智能,2025-03-04,2025-03-05,4,10.6,gap_down_open,10.5,10.50525,31700,333116.3299275,2025-03-12,73,rank_drop_below_50,10.3,10.294850000000002,325922.4942315001,6,-7193.835695999907,-0.021595566022132827
000016,深康佳Ａ,2025-03-03,2025-03-04,9,5.76,rise2_trigger,5.8751999999999995,5.8781376,56700,333390.389040576,2025-03-05,188,rank_drop_below_50,5.5,5.49725,311288.8727025,2,-22101.516338075977,-0.06629320179768608
002582,好想你,2025-02-28,2025-03-03,5,10.83,rise2_trigger,11.0466,11.0521233,30100,332768.712003399,2025-03-04,131,rank_drop_below_50,8.83,8.825585,265304.76335895003,2,-67463.94864444894,-0.2027352518759632
000158,常山北明,2025-02-24,2025-02-25,1,27.47,rise2_trigger,28.0194,28.0334097,11800,330893.472730338,2025-03-03,73,rank_drop_below_50,25.11,25.097445,295764.85619370005,5,-35128.61653663794,-0.10616291777162389
300766,每日互动,2025-02-18,2025-02-19,4,58.9,gap_down_open,57.6,57.6288,5700,328582.705248,2025-02-25,75,rank_drop_below_50,52.65,52.623675,299565.00606825,5,-29017.699179749994,-0.0883117057480207
000977,浪潮信息,2025-02-17,2025-02-18,10,67.76,gap_down_open,65.89,65.922945,5000,329713.6094175,2025-02-19,71,rank_drop_below_50,64.46,64.42777,321720.069495,2,-7993.539922499971,-0.024243888314534653
600126,杭钢股份,2025-02-14,2025-02-17,3,11.14,rise2_trigger,11.3628,11.368481399999999,29300,333196.43397150596,2025-03-18,54,rank_drop_below_50,12.04,12.03398,352137.2397018,22,18940.80573029403,0.056845763637175646
600186,莲花控股,2025-02-11,2025-02-12,8,7.46,rise2_trigger,7.6092,7.6130046,43700,332788.107510306,2025-02-14,67,rank_drop_below_50,7.0,6.9965,305349.578835,3,-27438.528675306006,-0.08245044836662702
000034,神州数码,2025-02-10,2025-02-11,10,43.61,rise2_trigger,44.4822,44.504441099999994,7400,329431.66399924195,2025-02-12,95,rank_drop_below_50,44.66,44.63767,329889.3436146,2,457.67961535806535,0.0013893006209600984
002594,比亚迪,2025-02-06,2025-02-07,1,102.37,rise2_trigger,104.4174,104.4696087,3100,323952.94370609097,2025-02-11,59,rank_drop_below_50,108.64,108.58568000000001,336178.0077096,3,12225.064003509004,0.03773715979750533
002530,金财互联,2025-01-24,2025-01-27,10,11.0,rise2_trigger,11.22,11.22561,29600,332377.7394168,2025-02-07,55,rank_drop_below_50,12.23,12.223885000000001,361356.6209052,4,28978.881488400046,0.08718658938846888
001356,富岭股份,2025-01-23,2025-01-24,7,23.24,gap_down_open,19.03,19.039515,17500,333291.46995375,2025-01-27,72,rank_drop_below_50,14.74,14.73263,257485.85766749998,2,-75805.61228625005,-0.227445401758315
002130,沃尔核材,2025-01-20,2025-01-21,1,26.94,rise2_trigger,27.478800000000003,27.492539400000002,12100,332759.52465802204,2025-01-24,57,rank_drop_below_50,28.23,28.215885000000004,340968.37262895005,4,8208.847970928007,0.024669009788267564
002119,康强电子,2025-01-17,2025-01-20,5,19.43,rise2_trigger,19.8186,19.8285093,16800,333218.891926872,2025-01-21,74,rank_drop_below_50,19.67,19.660165000000003,329861.39399640006,2,-3357.49793047196,-0.010075953110151971
000016,深康佳Ａ,2025-01-16,2025-01-17,10,6.81,gap_down_open,6.63,6.633315,50200,333092.3107239,2025-01-20,127,rank_drop_below_50,5.96,5.95702,298653.64887479995,2,-34438.661849100026,-0.10339074406807972
000795,英洛华,2025-01-15,2025-01-16,3,12.76,gap_down_open,12.25,12.256124999999999,27100,332240.62979624997,2025-01-17,94,rank_drop_below_50,11.81,11.804095000000002,319475.11623315007,2,-12765.5135630999,-0.038422493874179335
000158,常山北明,2025-01-14,2025-01-15,8,20.01,rise2_trigger,20.410200000000003,20.420405100000004,16300,332952.45891093905,2025-01-16,128,rank_drop_below_50,19.86,19.85007,323135.5180167,2,-9816.940894239058,-0.02948451237257562
002031,巨轮智能,2025-01-10,2025-01-13,8,5.77,gap_down_open,5.49,5.492745,60600,332960.2051041,2025-02-18,53,rank_drop_below_50,8.08,8.07596,488766.95187120006,21,155806.74676710006,0.46794404970524056
000063,中兴通讯,2025-01-09,2025-01-10,1,37.75,gap_down_open,37.68,37.69884,8800,331849.3169376,2025-01-15,66,rank_drop_below_50,40.3,40.279849999999996,354001.878516,4,22152.561578400026,0.06675488074777484
000533,顺钠股份,2025-01-07,2025-01-08,5,7.45,gap_down_open,7.39,7.393694999999999,45000,332816.08988249995,2025-01-10,52,rank_drop_below_50,6.93,6.926535,311288.8727025,3,-21527.21717999992,-0.06468202059461747
000756,新华制药,2025-01-06,2025-01-07,5,18.18,gap_down_open,17.88,17.888939999999998,18600,332834.1042852,2025-01-08,217,rank_drop_below_50,16.95,16.941525,314702.7189255,2,-18131.385359700012,-0.054475743700121336
002364,中恒电气,2025-01-06,2025-01-07,6,12.59,rise2_trigger,12.8418,12.8482209,25900,332868.751986393,2025-01-13,86,rank_drop_below_50,12.54,12.53373,324201.59631090006,5,-8667.155675492948,-0.026037756995127146
603072,天和磁材,2025-01-03,2025-01-06,5,47.85,gap_down_open,41.85,41.870925,7900,330879.54159225,2025-01-07,155,rank_drop_below_50,38.15,38.130925,300842.70290025,2,-30036.83869200002,-0.09077877268403335
600824,益民集团,2025-01-03,2025-01-06,10,5.39,gap_down_open,5.29,5.292644999999999,62900,333007.24271115,2025-01-07,130,rank_drop_below_50,5.0,4.9975000000000005,313934.104425,2,-19073.138286149944,-0.05727544581573548
002449,国星光电,2025-01-03,2025-01-06,3,14.27,gap_down_open,14.24,14.247119999999999,23300,332057.48336879996,2025-01-07,66,rank_drop_below_50,12.15,12.143925000000001,282585.61301175004,2,-49471.87035704992,-0.14898586189097848
